_step,a9t0e136/performance,n5mggdtq/performance,oix6belc/performance,4mh93ti8/performance,ma2on7l1/performance,oucwdjud/performance,tttx7bqy/performance,35x98pyo/performance,llgbjzoz/performance,4z2nd0qp/performance,l8jh7to2/performance,2577hgtf/performance,yrjh83s1/performance,940lmz0c/performance,utxfgdri/performance,90wlktro/performance,8zb5c4l6/performance,d0imhw06/performance,jidwqgs9/performance,wvrg56g6/performance,wvmaxbyq/performance,0vqthr02/performance,pz0yewuv/performance,hp820afu/performance,6w5p26qc/performance,77ae1i60/performance,79e2c6l3/performance,flpgilql/performance,fj8gdinh/performance,eqcsvcxh/performance
14090240.0,1.0,0.0,0.0,0.0,0.0,0.0,1.0,0.0,0.0,0.0,1.0,0.0,1.0,0.0,0.0,0.0,0.0,0.0,0.0,0.0,0.0,1.0,1.0,0.0,1.0,0.0,0.0,1.0,1.0,0.0
14417920.0,0.9166666666666666,0.0,1.0,0.0,0.0,0.0,1.0,0.0,0.0,0.0,1.0,0.0,1.0,0.0,0.0,0.0,0.0,0.0,0.0,0.0,0.0,1.0,1.0,0.5,1.0,0.3333333333333333,0.0,1.0,1.0,0.0
14745600.0,1.0,0.0,1.0,0.0,0.0,0.0,1.0,0.0,0.0,0.0,0.8,0.0,1.0,0.0,0.0,0.0,0.0,0.0,0.0,0.0,1.0,1.0,1.0,0.5,1.0,1.0,0.0,1.0,1.0,0.0
15073280.0,1.0,0.0,0.8333333333333334,0.0,0.6666666666666666,0.0,1.0,0.0,0.0,0.0,1.0,1.0,1.0,0.0,0.0,0.0,0.0,1.0,0.0,0.0,1.0,1.0,1.0,0.4722222238779068,1.0,0.8846153846153846,0.0,1.0,0.9821428571428571,0.0
15400960.0,0.9615384615384616,0.0,1.0,0.0,0.0,0.0,1.0,0.0,0.0,0.0,0.9444444444444444,1.0,1.0,0.0,0.0,0.0,0.0,1.0,0.0,0.0,0.7142857142857143,1.0,0.8333333333333334,0.875,1.0,0.8888888888888888,0.0,1.0,0.9777777791023254,0.0
15728640.0,1.0,0.0,0.8518518540594313,0.0,0.0,0.0,1.0,0.0,0.0,0.0,0.9487179517745972,0.6666666865348816,1.0,0.0,0.0,0.0,0.0,0.5833333333333334,0.0,0.0,0.6,0.9761904776096344,1.0,0.7,1.0,0.8222222248713176,0.0,0.9791666679084301,0.9875000007450581,0.16666666666666666
16056320.0,1.0,0.0,0.95,0.0,0.05,0.0,0.9682539701461792,0.0,0.0,0.0,0.7115384638309479,0.6666666666666666,1.0,0.0,0.0,0.0,0.0,0.775,0.0,0.0,0.9743589758872986,0.9939393957455953,1.0,0.8030505981296301,0.9857142865657806,0.904761906181063,0.0,1.0,1.0,0.7
16384000.0,1.0,0.0,0.9375,0.0,0.5595238102333886,0.0,0.9857142865657806,0.0,0.0,0.0,0.8729166686534882,1.0,1.0,0.0,0.0,0.0,0.0,0.8717948748515203,0.0,0.0,0.7692307692307693,0.9910714291036129,0.8888888888888888,0.8145833360031247,0.9743589758872986,0.9678571437086377,0.12121212211522189,1.0,1.0,0.2500000037252903
16711680.0,0.9904761910438538,0.0,1.0,0.0,0.3611111111111111,0.0,0.90234375,0.0,0.0,0.0,0.8071428622518267,0.3333333333333333,0.9833333333333333,0.0,0.0,0.0,0.0,0.8407407469219632,0.0,0.0,0.8833333333333333,1.0,0.8888888888888888,0.9319421947002411,0.9774305559694767,0.8771428604920705,0.0,0.9743055552244186,0.9570970721542835,0.4888888935248057
17039360.0,0.9818181842565536,0.0,0.7611111124356588,0.0,0.5655555586020152,0.0,0.9339393973350525,0.0,0.0,0.0,0.9540194198489189,1.0,1.0,0.0,0.0,0.0,0.0,0.8883333365122478,0.0,0.0,0.8758012820035219,1.0,1.0,0.8288888861735662,0.9444444457689921,0.9056547619402409,0.1,1.0,1.0,0.4861111144224803
17367040.0,0.984375,0.0,0.9277777791023254,0.0,0.49925595708191395,0.0,0.9806547611951828,0.0,0.0,0.25,0.7636904790997505,1.0,0.9666666649281979,0.0,0.0,0.0,0.0,0.8709325417876244,0.0,0.0,0.8277777791023254,1.0,1.0,0.8844444493452708,1.0,0.8844246044754982,0.0,0.9937499985098839,0.9541666693985462,0.6669841309388479
17694720.0,1.0,0.0,0.9557291679084301,0.0,0.7530158738295237,0.0,0.9122222244739533,0.0,0.2727272727272727,0.0,0.945833332836628,0.5,0.9910714291036129,0.0,0.0,0.0,0.0,0.8802534304559231,0.0,0.0,0.9403679688771566,0.970238097012043,0.9285714285714286,0.8700000007947286,0.9866666674613953,0.8722222248713175,0.1875,1.0,0.8869047633239201,0.6854166723787785
18022400.0,0.984375,0.0,0.9512152783572674,0.0,0.599702388048172,0.0,0.910565473139286,0.0,0.3333333333333333,0.2857142857142857,0.9029761888086796,0.75,0.9738521054387093,0.0,0.0,0.0,0.022727272727272728,0.9010416679084301,0.0,0.0,0.8541666679084301,0.9833333333333333,0.9644444465637207,0.8794642873108387,0.9661151953041553,0.917929295450449,0.5282051299627011,1.0,0.9895833320915699,0.7366675045341253
18350080.0,1.0,0.0,0.9206845238804817,0.0,0.7139881048351526,0.0,0.9345238081046513,0.0,0.4090909090909091,0.4166666666666667,0.8310068507989248,1.0,0.8974358989642217,0.0,0.0,0.09090909090909091,0.01098901148025806,0.8376602530479431,0.0,0.0,0.9947916679084301,0.96875,0.8888888905445734,0.8447646126151085,0.9791666679084301,0.8606398850679398,0.52777777860562,0.9807692307692307,0.925,0.7863839343190193
18677760.0,0.9635416679084301,0.0,0.96875,0.0,0.7166847111657262,0.0,0.9033333341280619,0.0,0.6282051297334524,0.5,0.9526515156030655,0.0,0.9603422619402409,0.0,0.0,0.0,0.08333333333333333,0.8282196968793869,0.0,0.0,0.823809526860714,0.9583333333333334,0.9553571428571429,0.8533333361148834,0.9694444457689921,0.820610124617815,0.40416667237877846,1.0,0.8680555572112402,0.7703282870352268
19005440.0,0.9807692307692307,0.0,0.8336309567093849,0.0,0.8514880985021591,0.0,0.8967032982752874,0.0,0.6666666675697673,0.7500000022924863,0.8974358989642217,1.0,0.9743589758872986,0.0,0.0,0.0,0.08541666809469461,0.9385547796885173,0.0,0.0,0.9796875007450581,0.9545454545454546,0.8717948748515203,0.8950892873108387,0.9645562805235386,0.9174107164144516,0.6422222236792247,1.0,0.8837797660380602,0.859050327911973
19333120.0,0.969270832836628,0.0,0.9680555574595928,0.0,0.7415178567171097,0.0,0.961904764175415,0.0,0.7574074069658915,1.0,0.8092261981219053,1.0,0.9285714285714286,0.0,0.0,0.05,0.03030303120613098,0.8902279257774353,0.0,0.0,0.8645833358168602,0.9642857142857143,0.8666666666666667,0.8177777806917826,0.975,0.9277777791023254,0.7744444489479065,0.9791666666666666,0.9615384615384616,0.7273809593170881
19660800.0,0.9142857151372092,0.0,0.9146825447678566,0.0,0.7008184567093849,0.0,0.9821428571428571,0.0,0.6410256440822895,0.9750000014901161,0.779761906181063,1.0,0.9285714285714286,0.0,0.0,0.2575757584788583,0.12708333460614085,0.9311111132303874,0.0,0.0,0.9197916686534882,0.9,0.8974358989642217,0.7638888915379842,0.953333334128062,0.8895833343267441,0.665350278839469,1.0,0.9333333333333333,0.7847524099051952
19988480.0,0.9244444449742635,0.0,0.9022222240765889,0.0,0.7011904828250408,0.0,0.8636363636363636,0.0,0.7809027805924416,0.8816964291036129,0.7755102089473179,1.0,1.0,0.0,0.0,0.3611111119389534,0.41666666737624575,0.9036931842565536,0.0,0.0,0.8680555559694767,1.0,0.7424242442304437,0.7095238098076412,0.7222222222222222,0.9404761918953487,0.7556547652930021,1.0,0.6666666666666666,0.7288888911406199
20316160.0,1.0,0.03571428571428571,0.878050597384572,0.0,0.7016666690508525,0.0,0.8777777791023255,0.0,0.8156250007450581,0.9625000022351742,0.8030303066427057,0.5,1.0,0.0,0.0,0.7666666686534882,0.16507937014102936,0.9,0.0,0.0,0.8263888905445734,1.0,0.6866666694482167,0.8571428571428571,0.8923076941416814,0.9369047656655312,0.7688282225281,0.75,0.825,0.7983333369096121
20643840.0,1.0,0.0,0.9583333347524915,0.0,0.6133333365122478,0.0,1.0,0.0,0.7962797693908215,0.962946429848671,0.7,0.8,0.75,0.0,0.0,0.4666666729109628,0.3072916707023978,0.9250000007450581,0.0,0.0,0.9375,1.0,0.7055555601914724,0.8869047633239201,0.9090909090909091,0.7727272727272727,0.8770408204623631,1.0,0.8800000011920929,0.7944444457689921
20971520.0,0.8819444477558136,0.0,0.9555555582046509,0.0,0.6741269886493683,0.0,1.0,0.0,0.8456845320761204,0.925,0.8333333333333334,0.7777777777777778,1.0,0.0,0.0,0.639682541290919,0.4062500037252903,0.8461538461538461,0.0,0.0,1.0,1.0,0.6448717976991947,1.0,0.75,0.7500000024835268,0.8703697323799133,1.0,0.875,0.8717948748515203
21299200.0,0.8,0.0,0.9375,0.0,0.6041666679084301,0.0,1.0,0.0,0.8531746049722035,0.9646825417876244,0.25,0.75,1.0,0.0,0.0,0.7955555597941081,0.45893759839236736,0.8571428571428571,0.0,0.0,1.0,1.0,0.44333333571751915,0.6666666666666666,1.0,0.3,0.8904017880558968,1.0,0.8333333333333334,0.8722222248713175
21626880.0,1.0,0.0,1.0,0.0,0.46666666865348816,0.0,0.75,0.0,0.8438047170639038,0.9895833320915699,1.0,0.8125,1.0,0.0,0.0,0.7555059604346752,0.5825396915276845,1.0,0.0,0.0,1.0,1.0,0.5979166682809591,0.8,1.0,0.5833333333333334,0.9131746033827464,1.0,0.5,0.6666666666666666
21954560.0,1.0,0.0,0.6666666666666666,0.0,0.5714285714285714,0.0,0.9444444444444444,0.0,0.6845238123621259,0.978571429848671,0.2,0.3,0.6666666666666666,0.0,0.0,0.7465079426765442,0.533804570324719,0.75,0.0,0.0,1.0,1.0,0.32444444596767424,0.625,1.0,0.625,0.7250000025544848,1.0,0.75,0.6666666666666666
22282240.0,1.0,0.0,0.8333333333333334,0.0,0.8333333333333334,0.0,1.0,0.0,0.8671875018626451,0.9468783100446065,1.0,1.0,1.0,0.0,0.0,0.7097470257431269,0.5885416697710752,1.0,0.0,0.0,1.0,1.0,0.3472222263614337,0.8,1.0,1.0,0.8571428592715945,1.0,0.875,1.0
22609920.0,1.0,0.0,0.75,0.0,0.4375,0.0,0.75,0.0,0.7222222263614336,0.9375,0.75,0.75,1.0,0.03125,0.0,0.8811111132303874,0.5864583365619183,0.5,0.0,0.02083333395421505,1.0,1.0,0.347916669677943,1.0,1.0,1.0,0.785714287843023,1.0,0.6666666716337204,0.5
23265280.0,0.6666666666666666,0.012820513202593876,1.0,0.0,1.0,0.0,1.0,0.0,0.877777781089147,0.9666666686534882,0.75,0.6666666666666666,1.0,0.11363636499101465,0.0,0.7451885007321835,0.44062500540167093,0.5,0.0,0.044444445768992105,1.0,1.0,0.4303030344572934,1.0,1.0,1.0,0.84375,1.0,0.9444444444444444,0.5
23920640.0,1.0,0.041666666666666664,1.0,0.0,0.3333333333333333,0.0,1.0,0.0,0.708518522977829,0.9743589758872986,1.0,0.6296296318372091,1.0,0.11666666865348815,0.0,0.8880952397982279,0.7361111144224802,0.0,0.0,0.0,0.7142857142857143,1.0,0.467261909507215,1.0,0.9,0.0,0.8205128220411447,1.0,1.0,1.0
24248320.0,1.0,0.10714285927159446,1.0,0.0,1.0,0.0,1.0,0.0,0.8333333351395347,0.9761904776096344,1.0,0.8571428571428571,1.0,0.18497023917734623,0.0,0.8650297652930021,0.7666666666666667,0.5,0.0,0.1776785720139742,1.0,1.0,0.2572222252686818,1.0,1.0,0.4,0.9600000023841858,1.0,1.0,1.0
24576000.0,1.0,0.2077777812878291,1.0,0.0,0.0,0.0,1.0,0.0,0.802083333954215,0.9015151533213529,1.0,0.7916666666666666,1.0,0.22727272727272727,0.0,0.8012820528103755,0.9444444477558136,1.0,0.0,0.22083333414047956,1.0,1.0,0.48974359379364896,1.0,1.0,0.75,0.8888888888888888,1.0,1.0,1.0
24903680.0,0.9090909090909091,0.3833333343267441,1.0,0.0,1.0,0.038461538461538464,1.0,0.0,0.85,1.0,1.0,0.2916666679084301,1.0,0.2553968280553818,0.0,0.6773809556450162,0.8555555558866925,0.6666666666666666,0.0,0.3564236154779792,1.0,1.0,0.2641025655544721,1.0,1.0,1.0,0.6428571428571429,1.0,0.9791666679084301,0.9166666666666666
25231360.0,1.0,0.2730654813349247,1.0,0.0,1.0,0.08666666895151139,1.0,0.0,0.9722222238779068,0.9242424260486256,1.0,0.8472222238779068,1.0,0.4230769230769231,0.0,0.7477777818838756,0.6111111111111112,1.0,0.0,0.40476190618106295,1.0,1.0,0.32142857142857145,1.0,1.0,0.8888888888888888,0.75,1.0,1.0,1.0
25559040.0,1.0,0.3333333333333333,1.0,0.0,1.0,0.03125,1.0,0.0,0.7666666686534882,1.0,0.9285714285714286,0.7407407429483202,1.0,0.5546031792958578,0.0,0.9178571445601327,0.5,1.0,0.0,0.298888889948527,1.0,1.0,0.2750000038317272,1.0,1.0,0.9666666666666667,0.6666666666666666,1.0,1.0,1.0
25886720.0,1.0,0.4392063548167547,1.0,0.0,1.0,0.2692307692307692,1.0,0.0,0.6944444444444444,1.0,1.0,0.75,1.0,0.6111721694469452,0.0,0.7142857142857143,0.5,1.0,0.0,0.44908425441155064,0.9791666679084301,1.0,0.25,1.0,1.0,1.0,1.0,1.0,1.0,1.0
26214400.0,1.0,0.7416666686534882,1.0,0.0,1.0,0.18159722443670034,1.0,0.0,0.6666666695049831,1.0,1.0,0.7678571428571429,1.0,0.64777778784434,0.0,0.8666666686534882,0.5,1.0,0.0,0.5064102617593912,0.9833333333333333,1.0,0.2121212130243128,1.0,1.0,1.0,0.4166666666666667,1.0,1.0,1.0
26542080.0,1.0,0.6153846176771017,1.0,0.0,1.0,0.48484848846088757,1.0,0.0,0.0,1.0,1.0,0.7121212130243127,1.0,0.6668398300806682,0.0,0.6428571428571429,0.625,0.9166666666666666,0.0,0.530102048601423,1.0,1.0,0.4820512854135953,1.0,1.0,1.0,1.0,1.0,1.0,1.0
26869760.0,1.0,0.5031135598054299,1.0,0.0,1.0,0.3551282091782643,1.0,0.0,0.5833333333333334,0.9166666666666666,0.9910714291036129,0.9102564133130587,1.0,0.8181818208911202,0.0,0.875,1.0,1.0,0.0,0.5,1.0,1.0,0.2121212130243128,1.0,1.0,1.0,0.9090909090909091,1.0,1.0,1.0
27197440.0,1.0,0.6090909134257924,1.0,0.0,1.0,0.4097222238779068,1.0,0.0,1.0,1.0,1.0,0.8125,1.0,0.6833333333333333,0.0,0.8333333333333334,1.0,1.0,0.06410256486672622,0.8364583384245634,1.0,1.0,0.45454545454545453,1.0,1.0,1.0,1.0,1.0,1.0,1.0
27525120.0,1.0,0.557692309984794,1.0,0.0,1.0,0.38636363636363635,1.0,0.0,1.0,0.6666666666666666,1.0,0.9423076923076923,1.0,0.75,0.0,0.75,1.0,1.0,0.07142857142857142,0.7916666679084301,1.0,1.0,0.0,1.0,1.0,1.0,1.0,1.0,1.0,1.0
27852800.0,1.0,0.8571428571428571,1.0,0.0,1.0,0.39031746685504914,1.0,0.0,1.0,1.0,1.0,0.7222222238779068,1.0,0.7222222238779068,0.0,0.25,1.0,1.0,0.020634921391805013,0.8000000019868215,1.0,1.0,0.25,1.0,1.0,1.0,1.0,1.0,1.0,1.0
28180480.0,1.0,0.6180555572112402,1.0,0.0,1.0,0.34615384615384615,1.0,0.0,1.0,1.0,1.0,0.9166666695049831,1.0,0.8181818181818182,0.0,0.5476190490382058,1.0,1.0,0.07575757666067644,0.6785714285714286,1.0,1.0,0.3333333333333333,1.0,1.0,1.0,0.9761904776096344,1.0,1.0,1.0
28508160.0,1.0,0.5714285714285714,1.0,0.0,1.0,0.639285717691694,1.0,0.0,1.0,1.0,1.0,0.839743591271914,1.0,0.75,0.18181818181818182,1.0,1.0,1.0,0.019047619899113973,0.75,1.0,1.0,0.25,1.0,1.0,1.0,1.0,1.0,1.0,1.0
28835840.0,1.0,0.8636363636363636,1.0,0.0,1.0,0.75,1.0,0.0,0.5,1.0,1.0,0.8333333347524915,1.0,0.6666666666666666,0.14285714285714285,0.777777781089147,1.0,1.0,0.19722222412625948,0.6590909090909091,1.0,1.0,0.16666666666666666,1.0,1.0,1.0,1.0,1.0,1.0,1.0
29163520.0,1.0,0.9285714285714286,1.0,0.0,1.0,0.5925925970077515,1.0,0.0,1.0,1.0,1.0,0.9107142857142857,1.0,1.0,0.0625,1.0,1.0,0.9791666679084301,0.1870748315538679,0.7857142857142857,1.0,1.0,0.5,1.0,1.0,1.0,1.0,1.0,1.0,1.0
29491200.0,1.0,1.0,1.0,0.0,1.0,0.5833333333333334,1.0,0.0,1.0,0.875,1.0,0.6944444477558136,1.0,0.5,0.2575757611881603,0.9166666666666666,1.0,0.9875000007450581,0.15163690596818924,0.5416666716337204,1.0,1.0,0.3333333333333333,1.0,1.0,1.0,1.0,1.0,1.0,1.0
29818880.0,1.0,1.0,1.0,0.0,1.0,0.7142857142857143,1.0,0.0,1.0,1.0,1.0,0.8611111144224802,1.0,0.5,0.5,0.875,1.0,1.0,0.1111111111111111,1.0,1.0,1.0,0.25,1.0,1.0,1.0,1.0,1.0,1.0,1.0
30146560.0,1.0,0.625,1.0,0.0,1.0,0.6,1.0,0.0,1.0,1.0,1.0,0.7644444465637207,1.0,0.0,0.5416666666666666,0.9375,1.0,1.0,0.15580357238650322,1.0,1.0,1.0,1.0,1.0,1.0,1.0,1.0,1.0,1.0,1.0
30474240.0,1.0,0.9444444444444444,1.0,0.0,1.0,0.6,1.0,0.0,0.8888888888888888,1.0,1.0,0.8697916679084301,1.0,1.0,0.6428571428571429,0.8888888888888888,1.0,1.0,0.3055555555555556,0.9166666666666666,1.0,1.0,1.0,1.0,1.0,1.0,1.0,1.0,1.0,1.0
30801920.0,1.0,0.9285714285714286,1.0,0.0,1.0,0.5,1.0,0.0,1.0,1.0,1.0,0.9354166686534882,1.0,1.0,0.4722222263614337,1.0,1.0,1.0,0.19230769230769232,1.0,1.0,1.0,1.0,1.0,1.0,1.0,1.0,1.0,1.0,1.0
31129600.0,1.0,1.0,1.0,0.0,1.0,1.0,1.0,0.0,1.0,1.0,1.0,0.7692307692307693,1.0,1.0,0.7142857142857143,1.0,1.0,1.0,0.25555555820465087,1.0,1.0,1.0,1.0,1.0,1.0,1.0,1.0,1.0,1.0,1.0
31457280.0,1.0,1.0,1.0,0.0,1.0,0.9,1.0,0.0,1.0,0.8125,1.0,0.8854166679084301,1.0,1.0,0.9,1.0,1.0,1.0,0.25,1.0,1.0,1.0,1.0,1.0,1.0,1.0,1.0,1.0,1.0,1.0
31784960.0,1.0,0.9333333333333333,1.0,0.0,1.0,1.0,1.0,0.0,0.9545454545454546,1.0,1.0,0.8375000009934107,1.0,1.0,0.7916666679084301,1.0,1.0,1.0,0.3222222248713175,1.0,1.0,1.0,0.3333333333333333,1.0,1.0,1.0,1.0,1.0,1.0,1.0
32112640.0,1.0,1.0,1.0,0.0,1.0,1.0,1.0,0.0,1.0,1.0,1.0,0.7833333377327237,1.0,1.0,0.7272727272727273,1.0,1.0,1.0,0.6148148162497414,1.0,1.0,1.0,0.3333333333333333,1.0,1.0,1.0,1.0,1.0,1.0,1.0
32440320.0,1.0,1.0,1.0,0.0,1.0,0.8333333333333334,1.0,0.0,1.0,1.0,1.0,0.9555555562178294,1.0,0.5,0.8125,1.0,1.0,1.0,0.14285714498588017,1.0,1.0,1.0,1.0,1.0,1.0,1.0,1.0,1.0,1.0,1.0
32768000.0,1.0,1.0,1.0,0.0,1.0,1.0,1.0,0.0,1.0,1.0,1.0,0.8888888880610466,1.0,1.0,1.0,1.0,1.0,1.0,0.45454545454545453,1.0,1.0,1.0,0.75,1.0,1.0,1.0,1.0,1.0,1.0,1.0
33095680.0,1.0,1.0,1.0,0.0,1.0,1.0,1.0,0.0,1.0,1.0,1.0,0.84888889392217,1.0,1.0,1.0,1.0,1.0,1.0,0.1944444477558136,0.9583333333333334,1.0,1.0,0.75,1.0,1.0,1.0,1.0,1.0,1.0,1.0
33423360.0,1.0,1.0,1.0,0.0,1.0,1.0,1.0,0.0,1.0,1.0,1.0,0.8636363636363636,1.0,1.0,1.0,1.0,1.0,0.9090909090909091,0.5,1.0,1.0,1.0,1.0,1.0,1.0,1.0,1.0,1.0,1.0,1.0
33751040.0,1.0,1.0,1.0,0.0,1.0,1.0,1.0,0.0,1.0,1.0,1.0,0.904761906181063,1.0,0.875,0.9583333333333334,1.0,1.0,1.0,0.3333333333333333,1.0,1.0,1.0,1.0,1.0,1.0,1.0,1.0,1.0,1.0,1.0
34078720.0,1.0,0.9866666674613953,1.0,0.0,1.0,0.9642857142857143,1.0,0.0,1.0,1.0,1.0,0.9090909090909091,1.0,0.8888888888888888,1.0,0.9807692307692307,1.0,1.0,0.1111111111111111,1.0,1.0,1.0,0.25,1.0,1.0,1.0,1.0,1.0,1.0,1.0
34406400.0,1.0,0.9666666666666667,1.0,0.0,1.0,1.0,1.0,0.0,1.0,1.0,1.0,0.9545454545454546,1.0,1.0,1.0,1.0,1.0,1.0,1.0,1.0,1.0,1.0,0.6666666666666666,1.0,1.0,1.0,1.0,1.0,1.0,1.0
34734080.0,1.0,0.9611111124356587,1.0,0.0,1.0,1.0,1.0,0.0,1.0,1.0,1.0,1.0,1.0,1.0,1.0,1.0,1.0,0.875,0.3333333333333333,1.0,1.0,1.0,1.0,1.0,1.0,1.0,1.0,1.0,1.0,1.0
35061760.0,1.0,1.0,1.0,0.0,1.0,1.0,1.0,0.0,1.0,1.0,1.0,0.875,1.0,0.9166666666666666,1.0,1.0,1.0,1.0,1.0,1.0,1.0,1.0,0.8333333333333334,1.0,1.0,1.0,1.0,1.0,1.0,1.0
35389440.0,1.0,0.9866666674613953,1.0,0.0,1.0,1.0,1.0,0.0,1.0,1.0,1.0,0.9285714285714286,1.0,0.9545454545454546,1.0,1.0,1.0,1.0,0.75,1.0,1.0,1.0,0.6428571428571429,1.0,1.0,1.0,1.0,1.0,1.0,1.0
35717120.0,1.0,1.0,1.0,0.0,1.0,0.9666666666666667,1.0,0.0,1.0,1.0,1.0,0.7142857142857143,1.0,1.0,1.0,1.0,1.0,1.0,1.0,1.0,1.0,1.0,0.5,1.0,1.0,1.0,1.0,1.0,1.0,1.0
36044800.0,1.0,0.984375,1.0,0.07142857142857142,1.0,1.0,1.0,0.0,1.0,1.0,1.0,0.8333333333333334,1.0,0.9305555572112402,1.0,1.0,1.0,1.0,1.0,1.0,1.0,1.0,0.5714285714285714,1.0,1.0,1.0,1.0,1.0,1.0,1.0
36372480.0,1.0,1.0,1.0,0.0,1.0,0.9821428571428571,1.0,0.0,1.0,1.0,1.0,0.5208333358168602,1.0,0.969696971503171,1.0,1.0,1.0,1.0,1.0,1.0,1.0,1.0,0.36363636363636365,1.0,1.0,1.0,1.0,1.0,1.0,1.0
36700160.0,1.0,1.0,1.0,0.0,1.0,1.0,1.0,0.0,1.0,1.0,1.0,0.75,1.0,1.0,1.0,1.0,1.0,1.0,1.0,1.0,1.0,1.0,0.4166666666666667,1.0,1.0,1.0,1.0,1.0,1.0,1.0
37027840.0,1.0,1.0,1.0,0.14285714285714285,1.0,0.9866666674613953,1.0,0.0,1.0,1.0,1.0,0.8333333333333334,1.0,0.9285714285714286,1.0,1.0,1.0,1.0,1.0,1.0,1.0,1.0,0.5595238102333886,1.0,1.0,1.0,1.0,1.0,1.0,1.0
37355520.0,1.0,0.9777777791023254,1.0,0.0,1.0,1.0,1.0,0.0,1.0,1.0,1.0,0.5,1.0,0.9583333347524915,1.0,1.0,1.0,1.0,1.0,1.0,1.0,1.0,0.2333333373069763,1.0,1.0,1.0,1.0,1.0,1.0,1.0
37683200.0,1.0,1.0,1.0,0.2222222222222222,1.0,1.0,1.0,0.0,1.0,1.0,1.0,0.6666666666666666,1.0,1.0,1.0,1.0,1.0,1.0,1.0,1.0,1.0,1.0,0.08333333333333333,1.0,1.0,1.0,1.0,1.0,1.0,1.0
38010880.0,1.0,1.0,1.0,0.0,1.0,0.9166666679084301,1.0,0.0,1.0,1.0,1.0,0.5,1.0,0.9642857142857143,1.0,1.0,1.0,1.0,1.0,1.0,1.0,1.0,0.3472222238779068,1.0,1.0,1.0,1.0,1.0,1.0,1.0
38338560.0,1.0,0.9333333333333333,1.0,0.07142857142857142,1.0,1.0,1.0,0.0,1.0,1.0,1.0,0.5,1.0,0.8833333333333333,1.0,1.0,1.0,1.0,1.0,1.0,1.0,1.0,0.23333333432674408,1.0,1.0,1.0,1.0,1.0,1.0,1.0
38666240.0,1.0,1.0,1.0,0.13333333432674407,1.0,0.9777777791023254,1.0,0.0,1.0,1.0,1.0,0.0,1.0,1.0,1.0,1.0,1.0,1.0,1.0,1.0,1.0,1.0,0.20833333333333334,1.0,1.0,1.0,1.0,1.0,1.0,1.0
38993920.0,1.0,1.0,1.0,0.375,1.0,1.0,1.0,0.0,1.0,1.0,1.0,0.5,1.0,0.9487179471896245,1.0,1.0,1.0,1.0,1.0,1.0,1.0,1.0,0.2948717979284433,1.0,1.0,1.0,1.0,1.0,1.0,1.0
39321600.0,1.0,1.0,1.0,0.4848484857515855,1.0,0.9875000007450581,1.0,0.0,1.0,1.0,1.0,1.0,1.0,0.9875000007450581,1.0,1.0,1.0,1.0,1.0,1.0,1.0,1.0,0.21354166697710752,1.0,1.0,1.0,1.0,1.0,1.0,1.0
39649280.0,1.0,1.0,1.0,0.589743591271914,1.0,1.0,1.0,0.0,1.0,1.0,1.0,0.5,1.0,0.9285714307001659,1.0,1.0,1.0,1.0,1.0,1.0,1.0,1.0,0.17857142857142858,1.0,1.0,1.0,1.0,1.0,1.0,1.0
39976960.0,1.0,1.0,1.0,0.46666666865348816,1.0,1.0,1.0,0.018181818452748386,1.0,1.0,1.0,1.0,1.0,0.9910714291036129,1.0,1.0,1.0,1.0,1.0,1.0,1.0,1.0,0.15476190618106297,1.0,1.0,1.0,1.0,1.0,1.0,1.0
40304640.0,1.0,1.0,1.0,0.4600000023841858,1.0,1.0,1.0,0.0,1.0,1.0,1.0,0.5,1.0,0.9821428571428571,1.0,1.0,1.0,1.0,1.0,1.0,1.0,1.0,0.3589743605026832,1.0,1.0,1.0,1.0,1.0,1.0,1.0
40632320.0,1.0,1.0,1.0,0.46458333916962147,1.0,1.0,1.0,0.0,1.0,1.0,1.0,0.6,1.0,0.9846153855323792,1.0,1.0,1.0,1.0,1.0,1.0,1.0,1.0,0.1022222230831782,1.0,1.0,1.0,1.0,1.0,1.0,1.0
40960000.0,1.0,1.0,1.0,0.6075148843228817,1.0,1.0,1.0,0.0,1.0,1.0,1.0,0.25,1.0,0.9666666666666667,1.0,1.0,1.0,1.0,1.0,1.0,1.0,1.0,0.11904762046677726,1.0,1.0,1.0,1.0,1.0,1.0,1.0
41287680.0,1.0,1.0,1.0,0.6968750022351742,1.0,1.0,1.0,0.041666666666666664,1.0,1.0,1.0,0.3333333333333333,1.0,0.8888888875643413,1.0,1.0,1.0,1.0,1.0,1.0,1.0,1.0,0.27380952664784025,1.0,1.0,1.0,1.0,1.0,1.0,1.0
41615360.0,1.0,1.0,1.0,0.6522727338597178,1.0,1.0,1.0,0.06666666666666667,1.0,1.0,1.0,0.75,1.0,0.987179485651163,1.0,1.0,1.0,1.0,1.0,1.0,1.0,1.0,0.21888888974984486,1.0,1.0,1.0,1.0,1.0,1.0,1.0
41943040.0,1.0,1.0,1.0,0.7562500014901161,1.0,1.0,1.0,0.0,1.0,1.0,1.0,0.75,1.0,1.0,1.0,1.0,1.0,1.0,1.0,1.0,1.0,1.0,0.1444444457689921,1.0,1.0,1.0,1.0,1.0,1.0,1.0
42270720.0,1.0,1.0,1.0,0.5988095274993351,1.0,1.0,1.0,0.0,1.0,1.0,1.0,0.6666666666666666,1.0,1.0,1.0,1.0,1.0,1.0,1.0,1.0,1.0,1.0,0.1476190494639533,1.0,1.0,1.0,1.0,1.0,1.0,1.0
42598400.0,1.0,1.0,1.0,0.6104166693985462,1.0,1.0,1.0,0.0,1.0,1.0,1.0,0.3888888905445735,1.0,0.9090909090909091,1.0,1.0,1.0,1.0,1.0,0.9807692307692307,1.0,1.0,0.29404762174401966,1.0,1.0,1.0,1.0,1.0,1.0,1.0
42926080.0,1.0,1.0,1.0,0.8348214328289032,1.0,1.0,1.0,0.0,1.0,1.0,1.0,0.6875,1.0,0.9294871802513416,1.0,1.0,1.0,1.0,1.0,1.0,1.0,1.0,0.2371794879436493,1.0,1.0,1.0,1.0,1.0,1.0,1.0
43253760.0,1.0,1.0,1.0,0.8616666674613953,1.0,1.0,1.0,0.0,1.0,1.0,1.0,1.0,1.0,0.8888888905445734,1.0,1.0,1.0,1.0,1.0,1.0,1.0,1.0,0.20512820665652937,1.0,1.0,1.0,1.0,1.0,1.0,1.0
43581440.0,1.0,1.0,1.0,0.8932291679084301,1.0,1.0,1.0,0.1,1.0,1.0,1.0,0.6388888905445734,1.0,0.7916666666666666,1.0,1.0,1.0,1.0,1.0,1.0,1.0,1.0,0.18095238187483378,1.0,1.0,1.0,1.0,1.0,1.0,1.0
43909120.0,1.0,1.0,1.0,0.8790178596973419,1.0,1.0,1.0,0.0,1.0,1.0,1.0,0.6666666666666666,1.0,1.0,1.0,1.0,1.0,1.0,1.0,1.0,1.0,1.0,0.2095238140651158,1.0,1.0,1.0,1.0,1.0,1.0,1.0
44236800.0,1.0,1.0,1.0,0.9666666666666667,1.0,1.0,1.0,0.0,1.0,1.0,1.0,0.7272727299820293,1.0,0.9375,1.0,1.0,1.0,1.0,1.0,1.0,1.0,1.0,0.25520833395421505,1.0,1.0,1.0,1.0,1.0,1.0,1.0
44564480.0,1.0,1.0,1.0,0.8333333347524915,1.0,0.9821428571428571,1.0,0.0,1.0,1.0,1.0,0.8888888905445734,1.0,0.7142857142857143,1.0,1.0,1.0,1.0,1.0,1.0,1.0,1.0,0.2833333353201548,1.0,1.0,1.0,1.0,1.0,1.0,1.0
44892160.0,1.0,1.0,1.0,0.8333333333333334,1.0,1.0,1.0,0.1111111111111111,1.0,1.0,1.0,0.8205128220411447,1.0,0.9444444477558136,1.0,1.0,1.0,1.0,1.0,1.0,1.0,1.0,0.21794871985912323,1.0,1.0,1.0,1.0,1.0,1.0,1.0
45219840.0,1.0,1.0,1.0,0.75,1.0,1.0,1.0,0.1111111111111111,1.0,1.0,1.0,1.0,1.0,0.8888888888888888,1.0,1.0,1.0,1.0,1.0,1.0,1.0,1.0,0.2916666666666667,1.0,1.0,1.0,1.0,1.0,1.0,1.0
45547520.0,1.0,1.0,1.0,0.8717948748515203,1.0,1.0,1.0,0.0,1.0,1.0,1.0,0.9230769230769231,1.0,0.8333333333333334,1.0,1.0,1.0,1.0,1.0,1.0,1.0,1.0,0.16666666737624578,1.0,1.0,1.0,1.0,1.0,1.0,1.0
45875200.0,1.0,1.0,1.0,0.7037037048074934,1.0,1.0,1.0,0.0,1.0,1.0,1.0,0.7696969725868918,1.0,0.5833333333333334,1.0,1.0,1.0,1.0,1.0,1.0,1.0,1.0,0.2777777810891469,1.0,1.0,1.0,1.0,1.0,1.0,1.0
46202880.0,1.0,1.0,1.0,0.8181818181818182,1.0,1.0,1.0,0.16666666666666666,1.0,1.0,1.0,0.9388888915379842,1.0,0.8333333333333334,1.0,1.0,1.0,1.0,1.0,1.0,1.0,1.0,0.34615384615384615,1.0,1.0,1.0,1.0,1.0,1.0,1.0
46530560.0,1.0,1.0,1.0,0.6666666666666666,1.0,1.0,1.0,0.0,1.0,1.0,1.0,0.9551282066565293,1.0,0.8333333333333334,1.0,1.0,1.0,1.0,1.0,1.0,1.0,1.0,0.20370370480749342,1.0,1.0,1.0,1.0,1.0,1.0,
46858240.0,1.0,1.0,1.0,1.0,1.0,1.0,1.0,0.5,1.0,1.0,1.0,0.8863636363636364,1.0,0.75,1.0,1.0,1.0,1.0,1.0,1.0,1.0,1.0,0.5,1.0,1.0,1.0,1.0,1.0,1.0,
47185920.0,1.0,1.0,1.0,0.904761906181063,1.0,1.0,1.0,0.25,1.0,1.0,1.0,0.9642857142857143,1.0,0.5833333333333334,1.0,1.0,1.0,1.0,1.0,1.0,1.0,1.0,0.34848484938794916,1.0,1.0,1.0,1.0,1.0,1.0,
47513600.0,1.0,1.0,1.0,0.6666666666666666,1.0,1.0,1.0,0.0,1.0,1.0,1.0,0.8866666674613952,1.0,1.0,1.0,1.0,1.0,1.0,1.0,1.0,1.0,1.0,0.3125,1.0,1.0,1.0,1.0,1.0,1.0,
47841280.0,1.0,1.0,1.0,1.0,1.0,1.0,1.0,0.0,1.0,1.0,1.0,0.8666666706403097,1.0,0.9,1.0,1.0,1.0,1.0,1.0,1.0,1.0,1.0,0.1875,1.0,1.0,1.0,1.0,1.0,1.0,
48168960.0,1.0,1.0,1.0,0.8,1.0,1.0,1.0,0.4,1.0,1.0,1.0,0.9230769230769231,1.0,0.8,1.0,1.0,1.0,1.0,1.0,1.0,1.0,1.0,0.7,1.0,1.0,1.0,1.0,1.0,1.0,
48496640.0,1.0,1.0,1.0,1.0,1.0,1.0,1.0,0.0,1.0,1.0,1.0,0.9222222248713176,1.0,1.0,1.0,1.0,1.0,1.0,1.0,1.0,1.0,1.0,0.7142857142857143,1.0,1.0,1.0,1.0,1.0,1.0,
48824320.0,1.0,1.0,1.0,1.0,1.0,1.0,1.0,0.5,1.0,1.0,1.0,0.921875,1.0,1.0,1.0,1.0,1.0,1.0,1.0,1.0,1.0,1.0,0.7272727272727273,1.0,1.0,1.0,1.0,1.0,1.0,
49152000.0,1.0,1.0,1.0,1.0,1.0,1.0,1.0,0.0,1.0,1.0,1.0,0.9166666666666666,1.0,0.875,1.0,1.0,1.0,1.0,1.0,1.0,1.0,1.0,0.25,1.0,1.0,1.0,1.0,1.0,1.0,
49479680.0,1.0,1.0,1.0,1.0,1.0,1.0,1.0,0.5,1.0,1.0,1.0,0.9354166686534882,1.0,0.8571428571428571,1.0,1.0,1.0,1.0,1.0,1.0,1.0,1.0,0.5,1.0,1.0,1.0,1.0,1.0,1.0,
49807360.0,1.0,1.0,1.0,1.0,1.0,1.0,1.0,0.0,1.0,1.0,1.0,0.8702380997794015,1.0,1.0,1.0,1.0,1.0,1.0,1.0,1.0,1.0,1.0,0.6851851873927646,1.0,1.0,1.0,1.0,1.0,1.0,
50135040.0,1.0,1.0,1.0,0.9375,1.0,1.0,1.0,0.0,1.0,1.0,1.0,1.0,1.0,0.8518518540594313,1.0,1.0,1.0,1.0,1.0,1.0,1.0,1.0,0.7916666679084301,1.0,1.0,1.0,1.0,1.0,1.0,
50462720.0,1.0,1.0,1.0,1.0,1.0,1.0,1.0,0.0,1.0,1.0,1.0,0.9444444477558136,1.0,0.8888888905445734,1.0,1.0,1.0,1.0,1.0,1.0,1.0,1.0,0.7380952409335545,1.0,1.0,1.0,1.0,1.0,1.0,
50790400.0,1.0,1.0,1.0,0.9090909090909091,1.0,1.0,1.0,0.3333333333333333,1.0,1.0,1.0,0.9242424260486256,1.0,0.9545454545454546,1.0,1.0,1.0,1.0,1.0,1.0,1.0,1.0,0.75,1.0,1.0,1.0,1.0,1.0,1.0,
51118080.0,1.0,1.0,1.0,1.0,1.0,1.0,1.0,0.16666666666666666,1.0,1.0,1.0,0.9,1.0,1.0,1.0,1.0,1.0,1.0,1.0,1.0,1.0,1.0,1.0,1.0,1.0,1.0,1.0,1.0,1.0,
51445760.0,1.0,1.0,1.0,1.0,1.0,1.0,1.0,0.0,1.0,1.0,1.0,0.75,1.0,0.9642857142857143,1.0,1.0,1.0,1.0,1.0,1.0,1.0,1.0,0.9166666666666666,1.0,1.0,1.0,1.0,1.0,1.0,
51773440.0,1.0,1.0,1.0,1.0,1.0,1.0,1.0,0.125,1.0,1.0,1.0,0.9761904776096344,1.0,0.8461538461538461,1.0,1.0,1.0,1.0,1.0,1.0,1.0,1.0,1.0,1.0,1.0,1.0,1.0,1.0,1.0,
52101120.0,1.0,1.0,1.0,0.9777777791023254,1.0,1.0,1.0,0.2857142857142857,1.0,1.0,1.0,0.8777777791023255,1.0,0.9393939430063422,1.0,1.0,1.0,1.0,1.0,1.0,1.0,1.0,1.0,1.0,1.0,1.0,1.0,1.0,1.0,
52428800.0,1.0,1.0,1.0,1.0,1.0,1.0,1.0,0.08333333333333333,1.0,1.0,1.0,0.9230769230769231,1.0,0.9807692307692307,1.0,1.0,1.0,1.0,1.0,1.0,1.0,1.0,0.875,1.0,1.0,1.0,1.0,1.0,1.0,
52756480.0,1.0,1.0,1.0,1.0,1.0,1.0,1.0,0.0,1.0,1.0,1.0,0.9375,1.0,0.9615384615384616,1.0,1.0,1.0,1.0,1.0,1.0,1.0,1.0,1.0,1.0,1.0,1.0,1.0,1.0,1.0,
53084160.0,1.0,1.0,1.0,1.0,1.0,1.0,1.0,0.5833333333333334,1.0,1.0,1.0,1.0,1.0,0.8928571428571429,1.0,1.0,1.0,1.0,0.6666666666666666,1.0,1.0,1.0,1.0,1.0,1.0,1.0,1.0,1.0,1.0,
53411840.0,1.0,1.0,1.0,1.0,1.0,1.0,1.0,0.037037038140826754,1.0,1.0,1.0,0.6,1.0,0.9791666666666666,1.0,1.0,1.0,1.0,0.6666666666666666,1.0,1.0,1.0,0.9259259270297157,1.0,1.0,1.0,1.0,1.0,1.0,
53739520.0,1.0,1.0,1.0,1.0,1.0,1.0,1.0,0.4166666679084301,1.0,1.0,1.0,1.0,1.0,0.987179485651163,1.0,1.0,1.0,1.0,1.0,1.0,1.0,1.0,0.8888888888888888,1.0,1.0,1.0,1.0,1.0,1.0,
54067200.0,1.0,1.0,1.0,1.0,1.0,1.0,1.0,0.25,1.0,1.0,1.0,0.8888888888888888,1.0,1.0,1.0,1.0,1.0,1.0,0.8571428571428571,1.0,1.0,1.0,1.0,1.0,1.0,1.0,1.0,1.0,1.0,
54394880.0,1.0,1.0,1.0,1.0,1.0,1.0,1.0,0.21428571428571427,1.0,1.0,1.0,0.7916666686534881,1.0,0.90625,1.0,1.0,1.0,1.0,0.9166666666666666,1.0,1.0,1.0,1.0,1.0,1.0,1.0,1.0,1.0,1.0,
54722560.0,1.0,1.0,1.0,1.0,1.0,1.0,1.0,0.4444444452722867,1.0,1.0,1.0,0.8472222238779068,1.0,0.8547619070325579,1.0,1.0,1.0,1.0,1.0,1.0,1.0,1.0,1.0,1.0,1.0,1.0,1.0,1.0,1.0,
55050240.0,1.0,1.0,1.0,1.0,1.0,1.0,1.0,0.3333333333333333,1.0,1.0,1.0,0.8518518540594313,1.0,0.9589743614196777,1.0,1.0,1.0,1.0,1.0,1.0,1.0,1.0,1.0,1.0,1.0,1.0,1.0,1.0,1.0,
55377920.0,1.0,1.0,1.0,1.0,1.0,1.0,1.0,0.3333333333333333,1.0,1.0,1.0,0.7916666666666666,1.0,0.8500000025544848,1.0,1.0,1.0,1.0,1.0,1.0,1.0,1.0,0.95,1.0,1.0,1.0,1.0,1.0,1.0,
55705600.0,1.0,1.0,1.0,1.0,1.0,1.0,1.0,0.33333333475249155,1.0,1.0,1.0,0.8076923076923077,1.0,0.9270833358168602,1.0,1.0,1.0,1.0,0.75,1.0,1.0,1.0,0.9583333333333334,1.0,1.0,1.0,1.0,1.0,1.0,
56033280.0,1.0,1.0,1.0,1.0,1.0,1.0,1.0,0.19444444527228674,1.0,1.0,1.0,1.0,1.0,1.0,1.0,1.0,1.0,1.0,0.6666666666666666,1.0,1.0,1.0,1.0,1.0,1.0,1.0,1.0,1.0,1.0,
56360960.0,1.0,1.0,1.0,1.0,1.0,1.0,1.0,0.7142857142857143,1.0,1.0,1.0,0.9523809552192688,1.0,0.9226190447807312,1.0,1.0,1.0,1.0,0.8333333333333334,1.0,1.0,1.0,1.0,1.0,1.0,1.0,1.0,1.0,1.0,
56688640.0,1.0,1.0,1.0,1.0,1.0,1.0,1.0,0.25,1.0,1.0,1.0,0.9259259270297157,1.0,0.7714285722800663,1.0,1.0,1.0,1.0,0.8333333333333334,1.0,1.0,1.0,0.9444444444444444,1.0,1.0,1.0,1.0,1.0,1.0,
57016320.0,1.0,1.0,1.0,1.0,1.0,1.0,1.0,0.3333333333333333,1.0,1.0,1.0,0.9230769230769231,1.0,0.975,1.0,1.0,1.0,1.0,0.5714285714285714,1.0,1.0,1.0,1.0,1.0,1.0,1.0,1.0,1.0,1.0,
57344000.0,1.0,1.0,1.0,1.0,1.0,1.0,1.0,0.2916666679084301,1.0,1.0,1.0,0.9074074096149869,1.0,0.8958333333333334,1.0,1.0,1.0,1.0,0.75,1.0,1.0,1.0,1.0,1.0,1.0,1.0,1.0,1.0,1.0,
57671680.0,1.0,1.0,1.0,1.0,1.0,1.0,1.0,0.5128205166413233,1.0,1.0,1.0,0.9444444444444444,1.0,0.8179487196298746,1.0,1.0,1.0,1.0,0.5,1.0,1.0,1.0,0.95,1.0,1.0,1.0,1.0,1.0,1.0,
57999360.0,1.0,1.0,1.0,1.0,1.0,1.0,1.0,0.17575757882811807,1.0,1.0,1.0,1.0,1.0,0.9166666681949909,1.0,1.0,1.0,1.0,0.6388888955116272,1.0,1.0,1.0,1.0,1.0,1.0,1.0,1.0,1.0,1.0,
58327040.0,1.0,1.0,1.0,1.0,1.0,1.0,1.0,0.5714285714285714,1.0,1.0,1.0,0.9615384615384616,0.9761904776096344,0.9230769230769231,1.0,1.0,1.0,1.0,0.2857142857142857,1.0,1.0,1.0,0.8888888888888888,0.9895833320915699,1.0,1.0,1.0,1.0,1.0,
58654720.0,1.0,1.0,1.0,1.0,1.0,1.0,1.0,0.4097222238779068,1.0,1.0,1.0,0.9777777791023254,1.0,0.9305555572112402,1.0,1.0,1.0,1.0,0.8571428571428571,1.0,1.0,1.0,0.9772727272727273,1.0,1.0,1.0,1.0,1.0,1.0,
58982400.0,1.0,1.0,1.0,1.0,1.0,1.0,1.0,0.5639455850635257,1.0,1.0,1.0,0.8888888888888888,1.0,0.7090909101746299,1.0,1.0,1.0,1.0,0.2,1.0,1.0,1.0,0.9444444444444444,1.0,1.0,1.0,1.0,1.0,1.0,
59310080.0,1.0,1.0,1.0,0.8888888888888888,1.0,1.0,1.0,0.4947916679084301,1.0,1.0,1.0,1.0,1.0,0.7833333373069763,1.0,1.0,1.0,1.0,0.6111111111111112,1.0,1.0,1.0,0.9259259303410848,1.0,1.0,1.0,1.0,1.0,1.0,
59637760.0,1.0,1.0,1.0,1.0,1.0,1.0,1.0,0.4777777830759684,1.0,1.0,1.0,0.875,1.0,0.8888888905445734,1.0,1.0,1.0,1.0,0.7777777777777778,1.0,1.0,1.0,0.8636363636363636,1.0,1.0,1.0,1.0,1.0,1.0,
59965440.0,1.0,1.0,1.0,1.0,1.0,1.0,1.0,0.6855555574099222,1.0,1.0,1.0,0.9615384615384616,1.0,0.7651515169577165,1.0,1.0,1.0,1.0,0.75,1.0,1.0,1.0,0.625,1.0,1.0,1.0,1.0,1.0,1.0,
60293120.0,1.0,1.0,1.0,1.0,1.0,1.0,1.0,0.7895833346992731,1.0,1.0,1.0,1.0,1.0,0.9230769230769231,1.0,1.0,1.0,1.0,0.45,1.0,1.0,1.0,0.8636363636363636,1.0,1.0,1.0,1.0,1.0,1.0,
60620800.0,1.0,1.0,1.0,1.0,1.0,1.0,1.0,0.6893650829792023,1.0,1.0,1.0,1.0,1.0,0.9523809552192688,1.0,1.0,1.0,1.0,0.5512820528103755,1.0,1.0,1.0,0.9166666686534881,1.0,1.0,1.0,1.0,1.0,1.0,
60948480.0,1.0,1.0,1.0,1.0,1.0,1.0,1.0,0.7794871834608225,1.0,1.0,1.0,0.9642857142857143,1.0,0.9375,1.0,1.0,1.0,1.0,0.5,1.0,1.0,1.0,0.6282051297334524,1.0,1.0,1.0,1.0,1.0,1.0,
61276160.0,1.0,1.0,1.0,1.0,1.0,1.0,1.0,0.7797619083098003,1.0,1.0,1.0,0.9807692307692307,1.0,0.8,1.0,1.0,1.0,1.0,0.3030303039334037,1.0,1.0,1.0,0.7440476204667773,1.0,1.0,1.0,1.0,1.0,1.0,
61603840.0,1.0,1.0,1.0,1.0,1.0,1.0,1.0,0.8214285778147834,1.0,1.0,1.0,0.9545454545454546,1.0,0.7727272727272727,1.0,1.0,1.0,1.0,0.5833333343267441,1.0,1.0,1.0,0.7878787896849893,1.0,1.0,1.0,1.0,1.0,1.0,
61931520.0,1.0,1.0,1.0,1.0,1.0,1.0,1.0,0.9226190490382058,1.0,1.0,1.0,0.9857142865657806,1.0,0.7820512835796063,1.0,1.0,1.0,1.0,0.3500000014901161,1.0,1.0,1.0,0.8888888915379842,1.0,1.0,1.0,1.0,1.0,1.0,
62259200.0,1.0,1.0,1.0,1.0,1.0,1.0,1.0,0.8722222248713175,1.0,1.0,1.0,0.9666666666666667,1.0,0.8333333333333334,1.0,1.0,1.0,1.0,0.4230769230769231,1.0,1.0,1.0,0.8452380959476743,1.0,1.0,1.0,1.0,1.0,1.0,
62586880.0,1.0,1.0,1.0,1.0,1.0,1.0,1.0,0.6434523846421923,1.0,1.0,1.0,1.0,1.0,1.0,1.0,1.0,1.0,1.0,0.43888889253139496,1.0,1.0,1.0,0.6428571428571429,1.0,1.0,1.0,1.0,1.0,1.0,
62914560.0,1.0,1.0,1.0,1.0,1.0,1.0,1.0,0.875,1.0,1.0,1.0,1.0,1.0,0.6666666666666666,1.0,1.0,1.0,1.0,0.4294871802513416,1.0,1.0,1.0,0.6333333343267441,1.0,1.0,1.0,1.0,1.0,1.0,
63242240.0,1.0,1.0,1.0,1.0,1.0,1.0,1.0,0.8958333358168602,1.0,1.0,1.0,1.0,1.0,1.0,1.0,1.0,1.0,1.0,0.31428571471146177,1.0,1.0,1.0,0.6875,1.0,1.0,1.0,1.0,1.0,1.0,
63569920.0,1.0,1.0,1.0,1.0,1.0,1.0,1.0,0.8285714302744184,1.0,1.0,1.0,0.9848484830422835,1.0,0.85,1.0,1.0,1.0,1.0,0.27272727543657477,1.0,1.0,1.0,0.5555555572112402,1.0,1.0,1.0,1.0,1.0,1.0,
63897600.0,1.0,1.0,1.0,1.0,1.0,1.0,1.0,0.8589743605026832,1.0,1.0,1.0,0.9230769230769231,1.0,0.9166666666666666,1.0,1.0,1.0,1.0,0.3392857142857143,1.0,1.0,1.0,0.45,1.0,1.0,1.0,1.0,1.0,1.0,
64225280.0,1.0,1.0,1.0,1.0,1.0,1.0,1.0,0.8958333333333334,1.0,1.0,1.0,1.0,1.0,0.875,1.0,1.0,1.0,1.0,0.23333333532015482,1.0,1.0,1.0,0.7121212130243127,1.0,1.0,1.0,1.0,1.0,1.0,
64552960.0,1.0,1.0,1.0,1.0,1.0,1.0,1.0,0.95,1.0,1.0,1.0,1.0,1.0,0.875,1.0,1.0,1.0,1.0,0.32222222288449603,1.0,1.0,1.0,0.5757575766606764,1.0,1.0,1.0,1.0,1.0,1.0,
64880640.0,1.0,1.0,1.0,1.0,1.0,1.0,1.0,0.8030303066427057,1.0,1.0,1.0,1.0,1.0,0.9375,1.0,1.0,1.0,1.0,0.46666666865348816,1.0,1.0,1.0,0.6018518540594313,1.0,1.0,1.0,1.0,1.0,1.0,
65208320.0,1.0,1.0,1.0,1.0,1.0,1.0,1.0,1.0,1.0,1.0,1.0,1.0,1.0,0.65,1.0,1.0,1.0,1.0,0.4513888905445735,1.0,1.0,1.0,0.3125,1.0,1.0,1.0,1.0,1.0,1.0,
65536000.0,1.0,1.0,1.0,1.0,1.0,1.0,1.0,1.0,1.0,1.0,1.0,1.0,1.0,1.0,1.0,1.0,1.0,1.0,0.35595238315207617,1.0,1.0,1.0,0.3194444452722867,1.0,1.0,1.0,1.0,1.0,1.0,
65863680.0,1.0,1.0,1.0,1.0,1.0,1.0,1.0,0.7820512835796063,1.0,1.0,1.0,1.0,1.0,1.0,1.0,1.0,1.0,1.0,0.27976190618106295,1.0,1.0,1.0,0.41666666756976733,1.0,1.0,1.0,1.0,1.0,1.0,
66191360.0,1.0,1.0,1.0,1.0,1.0,1.0,1.0,0.9,1.0,1.0,1.0,0.95,1.0,0.9230769230769231,1.0,1.0,1.0,1.0,0.4772727272727273,1.0,1.0,1.0,0.375,1.0,1.0,1.0,1.0,1.0,1.0,
66519040.0,1.0,1.0,1.0,1.0,1.0,1.0,1.0,1.0,1.0,1.0,1.0,0.9285714285714286,1.0,0.9375,1.0,1.0,1.0,1.0,0.5312500018626451,1.0,1.0,1.0,0.4481481495830748,1.0,1.0,1.0,1.0,1.0,1.0,
66846720.0,1.0,1.0,1.0,1.0,1.0,1.0,1.0,0.7142857142857143,1.0,1.0,1.0,0.9230769230769231,1.0,1.0,1.0,1.0,1.0,1.0,0.23589743788425738,1.0,1.0,1.0,0.17857142857142858,1.0,1.0,1.0,1.0,1.0,1.0,
67174400.0,1.0,1.0,1.0,1.0,1.0,1.0,1.0,1.0,1.0,1.0,1.0,1.0,1.0,0.8833333343267441,1.0,1.0,1.0,1.0,0.13095238166196005,1.0,1.0,1.0,0.3611111119389534,1.0,1.0,1.0,1.0,1.0,1.0,
67502080.0,1.0,1.0,1.0,1.0,1.0,1.0,1.0,1.0,1.0,1.0,1.0,0.9404761918953487,1.0,1.0,1.0,1.0,1.0,1.0,0.4047619083098003,1.0,1.0,1.0,0.6805555572112402,1.0,1.0,1.0,1.0,1.0,1.0,
67829760.0,1.0,1.0,1.0,1.0,1.0,1.0,1.0,1.0,1.0,1.0,1.0,0.9285714285714286,1.0,0.8722222248713175,1.0,1.0,1.0,1.0,0.13095238166196005,1.0,1.0,1.0,0.33333333730697634,1.0,1.0,1.0,1.0,1.0,1.0,
68157440.0,1.0,1.0,1.0,1.0,1.0,1.0,1.0,1.0,1.0,1.0,1.0,0.8888888888888888,1.0,0.9318181818181818,1.0,1.0,1.0,1.0,0.41666666865348817,1.0,1.0,1.0,0.280303031206131,1.0,1.0,1.0,1.0,1.0,1.0,
68485120.0,1.0,1.0,1.0,1.0,1.0,1.0,1.0,0.8888888888888888,1.0,1.0,1.0,1.0,1.0,0.9615384615384616,1.0,1.0,1.0,1.0,0.23333333432674408,1.0,1.0,1.0,0.3125000037252903,1.0,1.0,1.0,1.0,1.0,1.0,
68812800.0,1.0,1.0,1.0,1.0,1.0,1.0,1.0,0.9629629651705424,1.0,1.0,1.0,0.8974358989642217,1.0,0.9615384615384616,1.0,1.0,1.0,1.0,0.4791666679084301,1.0,1.0,1.0,0.45,1.0,1.0,1.0,1.0,1.0,1.0,
69140480.0,1.0,1.0,1.0,1.0,1.0,1.0,1.0,0.8888888888888888,1.0,1.0,1.0,0.9375,1.0,0.969696971503171,1.0,1.0,1.0,1.0,0.35,1.0,1.0,1.0,0.2727272727272727,1.0,1.0,1.0,1.0,1.0,1.0,
69468160.0,1.0,1.0,1.0,1.0,1.0,1.0,1.0,1.0,1.0,1.0,1.0,0.9545454545454546,1.0,1.0,1.0,1.0,1.0,1.0,0.24000000059604645,1.0,1.0,1.0,0.3229166679084301,1.0,1.0,1.0,1.0,1.0,1.0,
69795840.0,1.0,1.0,1.0,1.0,1.0,1.0,1.0,0.8333333333333334,1.0,1.0,1.0,0.8846153846153846,1.0,0.8571428571428571,1.0,1.0,1.0,1.0,0.3194444452722867,1.0,1.0,1.0,0.5595238102333886,1.0,1.0,1.0,1.0,1.0,1.0,
70123520.0,1.0,1.0,1.0,1.0,1.0,1.0,1.0,0.875,1.0,1.0,1.0,0.8636363636363636,1.0,0.9166666695049831,1.0,1.0,1.0,1.0,0.323076925598658,1.0,1.0,1.0,0.38000000417232516,1.0,1.0,1.0,1.0,1.0,1.0,
70451200.0,1.0,1.0,1.0,1.0,1.0,1.0,1.0,1.0,1.0,1.0,1.0,0.8787878805940802,1.0,0.9294871825438279,1.0,1.0,1.0,1.0,0.41025641102057236,1.0,1.0,1.0,0.4333333343267441,1.0,1.0,1.0,1.0,1.0,1.0,
70778880.0,1.0,1.0,1.0,1.0,1.0,1.0,1.0,1.0,1.0,1.0,1.0,0.8787878805940802,1.0,0.9333333333333333,1.0,1.0,1.0,1.0,0.18181818181818182,1.0,1.0,1.0,0.34848484938794916,1.0,1.0,1.0,1.0,1.0,1.0,
71106560.0,1.0,1.0,1.0,1.0,1.0,1.0,1.0,0.85,1.0,1.0,1.0,0.8125,1.0,0.9285714285714286,1.0,1.0,1.0,1.0,0.3333333333333333,1.0,1.0,1.0,0.6666666666666666,1.0,1.0,1.0,1.0,1.0,1.0,
71434240.0,1.0,1.0,1.0,1.0,1.0,1.0,1.0,0.9545454545454546,1.0,1.0,1.0,0.8666666686534882,1.0,0.8866666674613952,1.0,1.0,1.0,1.0,0.3125,1.0,1.0,1.0,0.75,1.0,1.0,1.0,1.0,1.0,1.0,
71761920.0,1.0,1.0,1.0,1.0,1.0,1.0,1.0,1.0,1.0,1.0,1.0,0.8444444497426351,1.0,0.8888888888888888,1.0,1.0,1.0,1.0,0.5,1.0,1.0,1.0,0.6190476204667773,1.0,1.0,1.0,1.0,1.0,1.0,
72089600.0,1.0,1.0,1.0,1.0,1.0,1.0,1.0,1.0,1.0,1.0,1.0,0.840277781089147,1.0,0.9866666674613953,1.0,1.0,1.0,1.0,0.5,1.0,1.0,1.0,0.33333333475249155,1.0,1.0,1.0,1.0,1.0,1.0,
72417280.0,0.9888888875643412,1.0,1.0,1.0,1.0,1.0,1.0,0.75,1.0,1.0,1.0,0.9550000011920929,1.0,0.9743589758872986,1.0,1.0,1.0,1.0,0.5,1.0,1.0,1.0,0.475,1.0,1.0,1.0,1.0,1.0,1.0,
72744960.0,1.0,1.0,1.0,1.0,1.0,1.0,1.0,1.0,1.0,1.0,1.0,0.777777781089147,1.0,0.9404761918953487,1.0,1.0,1.0,1.0,0.4444444444444444,1.0,1.0,1.0,0.7142857142857143,1.0,1.0,1.0,1.0,1.0,1.0,
73072640.0,1.0,1.0,1.0,1.0,1.0,1.0,1.0,1.0,1.0,1.0,1.0,0.75,1.0,0.9615384615384616,1.0,1.0,1.0,1.0,0.2777777810891469,1.0,1.0,1.0,0.6590909090909091,1.0,1.0,1.0,1.0,1.0,1.0,
73400320.0,1.0,1.0,1.0,1.0,1.0,1.0,1.0,1.0,1.0,1.0,1.0,0.8333333333333334,1.0,0.875,1.0,1.0,1.0,1.0,0.375,1.0,1.0,1.0,0.5666666716337204,1.0,1.0,1.0,1.0,1.0,1.0,
73728000.0,1.0,1.0,1.0,1.0,1.0,1.0,1.0,1.0,1.0,1.0,1.0,0.8205128220411447,1.0,0.9583333333333334,1.0,1.0,1.0,1.0,0.14285714285714285,1.0,1.0,1.0,0.5,1.0,1.0,1.0,1.0,1.0,1.0,
74055680.0,1.0,1.0,1.0,1.0,1.0,1.0,1.0,0.9807692307692307,1.0,1.0,1.0,0.8785714294229235,1.0,0.875,1.0,1.0,1.0,1.0,0.25,1.0,1.0,1.0,0.5378787896849893,1.0,1.0,1.0,1.0,1.0,1.0,
74383360.0,0.9791666679084301,1.0,1.0,1.0,1.0,1.0,1.0,1.0,1.0,1.0,1.0,0.7857142857142857,1.0,0.9,1.0,1.0,1.0,1.0,0.3333333333333333,1.0,1.0,1.0,0.6777777804268731,1.0,1.0,1.0,1.0,1.0,1.0,
74711040.0,1.0,1.0,1.0,1.0,1.0,1.0,1.0,0.9615384615384616,1.0,1.0,1.0,0.9545454545454546,1.0,1.0,1.0,1.0,1.0,1.0,0.8,1.0,1.0,1.0,0.4333333343267441,1.0,1.0,1.0,1.0,1.0,1.0,
75038720.0,1.0,1.0,1.0,1.0,1.0,1.0,1.0,0.9642857142857143,1.0,1.0,1.0,0.7666666666666667,1.0,0.8787878805940802,1.0,1.0,1.0,1.0,0.42857142857142855,1.0,1.0,1.0,0.5227272727272727,1.0,1.0,1.0,1.0,1.0,1.0,
75366400.0,1.0,1.0,1.0,1.0,1.0,1.0,1.0,1.0,1.0,1.0,1.0,0.8472222238779068,1.0,0.7878787896849893,1.0,1.0,1.0,1.0,0.42857142857142855,1.0,1.0,1.0,0.7857142857142857,1.0,1.0,1.0,1.0,1.0,1.0,
75694080.0,1.0,1.0,1.0,1.0,1.0,1.0,1.0,0.9743589758872986,1.0,1.0,1.0,0.866666670356478,1.0,0.9090909090909091,1.0,1.0,1.0,1.0,0.8,1.0,1.0,1.0,0.294871795635957,1.0,1.0,1.0,1.0,1.0,1.0,
76021760.0,1.0,1.0,1.0,1.0,1.0,1.0,1.0,0.9722222238779068,1.0,1.0,1.0,0.8472222238779068,1.0,0.8694444472591082,1.0,1.0,1.0,1.0,0.3333333333333333,1.0,1.0,1.0,0.5370370381408267,1.0,1.0,1.0,1.0,1.0,1.0,
76349440.0,1.0,1.0,1.0,1.0,1.0,1.0,1.0,0.9761904776096344,1.0,1.0,1.0,0.7333333343267441,1.0,0.8571428571428571,1.0,1.0,1.0,1.0,0.5,1.0,1.0,1.0,0.47619048186710905,1.0,1.0,1.0,1.0,1.0,1.0,
76677120.0,1.0,1.0,1.0,1.0,1.0,1.0,1.0,0.9166666666666666,1.0,1.0,1.0,0.8111111144224803,1.0,0.9761904776096344,1.0,1.0,1.0,1.0,0.4444444444444444,1.0,1.0,1.0,0.30952381236212595,1.0,1.0,1.0,1.0,1.0,1.0,
77004800.0,1.0,1.0,1.0,1.0,1.0,1.0,1.0,0.9305555572112402,1.0,1.0,1.0,0.810606062412262,1.0,0.9047619104385376,1.0,1.0,1.0,1.0,0.5833333333333334,1.0,1.0,1.0,0.5000000033113692,1.0,1.0,1.0,1.0,1.0,0.9866666674613953,
77332480.0,1.0,1.0,1.0,1.0,1.0,1.0,1.0,0.9761904776096344,1.0,1.0,1.0,0.7916666666666666,1.0,0.9,1.0,1.0,1.0,1.0,0.5714285714285714,1.0,1.0,1.0,0.5416666666666666,1.0,1.0,1.0,1.0,1.0,1.0,
77660160.0,1.0,1.0,1.0,1.0,1.0,1.0,1.0,0.9333333333333333,1.0,1.0,1.0,0.6666666716337204,1.0,1.0,1.0,1.0,1.0,1.0,0.7619047633239201,1.0,1.0,1.0,0.35,1.0,1.0,1.0,1.0,1.0,1.0,
77987840.0,1.0,1.0,1.0,1.0,1.0,1.0,1.0,0.9444444457689921,1.0,1.0,1.0,1.0,1.0,0.8181818181818182,1.0,1.0,1.0,1.0,0.6333333343267441,1.0,1.0,1.0,0.45,1.0,1.0,1.0,1.0,1.0,1.0,
78315520.0,1.0,1.0,1.0,1.0,1.0,1.0,1.0,0.8833333353201548,1.0,1.0,1.0,0.7987179526915917,1.0,1.0,1.0,1.0,1.0,1.0,0.7142857142857143,1.0,1.0,1.0,0.5370370381408267,1.0,1.0,1.0,1.0,1.0,1.0,
78643200.0,1.0,1.0,1.0,1.0,1.0,1.0,1.0,0.9642857142857143,1.0,1.0,1.0,0.7703703741232554,1.0,0.9,1.0,1.0,0.9821428571428571,1.0,1.0,1.0,1.0,1.0,0.3181818181818182,1.0,1.0,1.0,1.0,1.0,1.0,
78970880.0,1.0,1.0,1.0,1.0,1.0,1.0,1.0,1.0,1.0,1.0,1.0,0.65625,1.0,1.0,1.0,1.0,1.0,1.0,0.7407407429483202,1.0,1.0,1.0,0.5384615407540247,1.0,1.0,1.0,1.0,1.0,1.0,
79298560.0,1.0,1.0,1.0,1.0,1.0,1.0,1.0,0.9791666666666666,1.0,1.0,1.0,0.9090909090909091,1.0,1.0,1.0,1.0,1.0,1.0,0.625,1.0,1.0,1.0,0.375,1.0,1.0,1.0,1.0,1.0,1.0,
79626240.0,1.0,1.0,1.0,1.0,1.0,1.0,1.0,0.9615384615384616,1.0,1.0,1.0,0.8148148159186045,1.0,0.9615384615384616,1.0,1.0,1.0,1.0,0.7083333333333334,1.0,1.0,1.0,0.5555555572112402,1.0,1.0,1.0,1.0,1.0,1.0,
79953920.0,1.0,1.0,1.0,1.0,1.0,1.0,1.0,0.9821428571428571,1.0,1.0,1.0,0.9642857142857143,1.0,0.9393939430063422,1.0,1.0,1.0,1.0,0.6296296318372091,1.0,1.0,1.0,0.6481481492519379,1.0,1.0,1.0,1.0,1.0,1.0,
80281600.0,1.0,1.0,1.0,1.0,1.0,1.0,1.0,0.9318181818181818,1.0,1.0,1.0,0.8333333363899817,1.0,1.0,1.0,1.0,1.0,1.0,0.6818181818181818,1.0,1.0,1.0,0.4393939402970401,1.0,1.0,1.0,1.0,1.0,1.0,
80609280.0,0.9875000007450581,1.0,1.0,1.0,1.0,1.0,1.0,1.0,1.0,1.0,1.0,0.6666666681949909,1.0,0.8846153846153846,1.0,1.0,1.0,1.0,0.8611111119389534,1.0,1.0,1.0,0.6666666679084301,1.0,1.0,1.0,1.0,1.0,1.0,
80936960.0,1.0,1.0,1.0,1.0,1.0,1.0,1.0,0.9388888895511627,1.0,1.0,1.0,0.725,1.0,1.0,1.0,1.0,1.0,1.0,0.5972222238779068,1.0,1.0,1.0,0.42592592702971566,1.0,1.0,1.0,1.0,1.0,1.0,
81264640.0,1.0,1.0,1.0,1.0,1.0,1.0,1.0,0.8333333351395347,1.0,1.0,1.0,0.8888888888888888,1.0,1.0,1.0,1.0,1.0,1.0,0.6666666666666666,1.0,1.0,1.0,0.4833333373069763,1.0,1.0,1.0,1.0,1.0,1.0,
81592320.0,1.0,1.0,1.0,1.0,1.0,1.0,1.0,1.0,1.0,1.0,1.0,0.8717948771440066,1.0,0.9111111124356588,1.0,1.0,1.0,1.0,0.55,1.0,1.0,1.0,0.5714285714285714,1.0,1.0,1.0,1.0,1.0,1.0,
81920000.0,1.0,1.0,1.0,1.0,1.0,1.0,1.0,0.7424242442304437,1.0,1.0,1.0,0.7777777777777778,1.0,0.9487179517745972,1.0,1.0,1.0,1.0,0.6666666695049831,1.0,1.0,1.0,0.4166666666666667,1.0,1.0,1.0,1.0,1.0,1.0,
82247680.0,1.0,1.0,1.0,1.0,1.0,1.0,1.0,1.0,1.0,1.0,1.0,0.7166666686534882,1.0,0.95,1.0,1.0,1.0,1.0,0.24074074294832018,1.0,1.0,1.0,0.5363636369054968,1.0,1.0,1.0,1.0,1.0,1.0,
82575360.0,1.0,1.0,1.0,1.0,1.0,1.0,1.0,0.9722222238779068,1.0,1.0,1.0,0.7820512835796063,1.0,0.9642857142857143,1.0,1.0,1.0,1.0,0.5384615384615384,1.0,1.0,1.0,0.4833333343267441,1.0,1.0,1.0,1.0,1.0,1.0,
82903040.0,1.0,1.0,1.0,1.0,1.0,1.0,1.0,0.969696971503171,1.0,1.0,1.0,0.7833333343267441,1.0,0.9038461538461539,1.0,1.0,1.0,1.0,0.5,1.0,1.0,1.0,0.45000000298023224,1.0,1.0,1.0,1.0,1.0,1.0,
83230720.0,1.0,1.0,1.0,1.0,1.0,1.0,1.0,0.8636363663456657,1.0,1.0,1.0,0.9090909090909091,1.0,0.9461538470708407,1.0,1.0,1.0,1.0,0.40476190618106295,1.0,1.0,1.0,0.25000000270930206,1.0,1.0,1.0,1.0,1.0,1.0,
83558400.0,1.0,1.0,1.0,1.0,1.0,1.0,1.0,1.0,1.0,1.0,1.0,0.8181818181818182,1.0,0.961904764175415,1.0,1.0,1.0,1.0,0.7666666686534882,1.0,1.0,1.0,0.44166666828095913,1.0,1.0,1.0,1.0,1.0,1.0,
83886080.0,1.0,1.0,1.0,1.0,1.0,1.0,1.0,0.9,1.0,1.0,1.0,0.8333333333333334,1.0,0.8787878805940802,1.0,1.0,1.0,1.0,0.7500000049670538,1.0,1.0,1.0,0.3194444452722867,1.0,1.0,1.0,1.0,1.0,1.0,
84213760.0,1.0,1.0,1.0,1.0,1.0,1.0,1.0,1.0,1.0,1.0,1.0,0.8333333333333334,1.0,0.8541666679084301,1.0,1.0,1.0,1.0,0.5055555568801032,1.0,1.0,1.0,0.4545454572547566,1.0,1.0,1.0,1.0,1.0,1.0,
84541440.0,1.0,1.0,1.0,1.0,1.0,1.0,1.0,1.0,1.0,1.0,1.0,0.8727272748947144,1.0,0.8833333333333333,1.0,1.0,1.0,1.0,0.6111111111111112,1.0,1.0,1.0,0.36363636363636365,1.0,1.0,1.0,1.0,1.0,1.0,
84869120.0,1.0,1.0,1.0,1.0,1.0,1.0,1.0,1.0,1.0,1.0,1.0,0.8166666686534881,1.0,0.9583333333333334,1.0,1.0,1.0,1.0,0.5454545454545454,1.0,1.0,1.0,0.5833333343267441,1.0,1.0,1.0,1.0,1.0,1.0,
85196800.0,1.0,1.0,1.0,1.0,1.0,1.0,1.0,0.9166666695049831,1.0,1.0,1.0,0.7083333333333334,1.0,0.9333333333333333,1.0,1.0,1.0,1.0,0.5740740762816535,1.0,1.0,1.0,0.4615384638309479,1.0,1.0,1.0,1.0,1.0,1.0,
85524480.0,1.0,1.0,1.0,1.0,1.0,1.0,1.0,0.9615384615384616,1.0,1.0,1.0,0.8416666686534882,1.0,0.8461538461538461,1.0,1.0,1.0,1.0,0.589743591271914,1.0,1.0,1.0,0.3333333395421505,1.0,1.0,1.0,1.0,1.0,1.0,
85852160.0,1.0,1.0,1.0,1.0,1.0,1.0,1.0,1.0,1.0,1.0,1.0,0.6458333333333334,1.0,0.9090909090909091,1.0,1.0,1.0,1.0,0.4791666666666667,1.0,1.0,1.0,0.2857142857142857,1.0,1.0,1.0,1.0,1.0,1.0,
86179840.0,1.0,1.0,1.0,1.0,1.0,1.0,1.0,0.9375,1.0,1.0,1.0,0.9027777761220932,1.0,0.875,1.0,1.0,1.0,1.0,0.4583333333333333,1.0,1.0,1.0,0.5,1.0,1.0,1.0,1.0,1.0,1.0,
86507520.0,1.0,1.0,1.0,1.0,1.0,1.0,1.0,0.9583333333333334,1.0,1.0,1.0,0.7976190490382058,1.0,0.8416666686534882,1.0,1.0,1.0,1.0,0.55,1.0,1.0,1.0,0.5227272727272727,1.0,1.0,1.0,1.0,1.0,1.0,
86835200.0,1.0,1.0,1.0,1.0,1.0,1.0,1.0,1.0,1.0,1.0,1.0,0.7013888905445734,1.0,0.8472222238779068,1.0,1.0,1.0,1.0,0.47307692353542036,1.0,1.0,1.0,0.4242424260486256,1.0,1.0,1.0,1.0,1.0,1.0,
87162880.0,1.0,1.0,1.0,1.0,1.0,1.0,1.0,0.8666666686534882,1.0,1.0,1.0,0.6606060645797036,1.0,0.8888888888888888,1.0,1.0,1.0,1.0,0.6111111144224802,1.0,1.0,1.0,0.5,1.0,1.0,1.0,1.0,1.0,1.0,
87490560.0,1.0,1.0,1.0,1.0,1.0,1.0,1.0,1.0,1.0,1.0,1.0,0.6515151533213529,1.0,0.9615384615384616,1.0,1.0,1.0,1.0,0.41025641102057236,1.0,1.0,1.0,0.5555555555555556,1.0,1.0,1.0,1.0,1.0,1.0,
87818240.0,1.0,1.0,1.0,1.0,1.0,1.0,1.0,1.0,1.0,1.0,1.0,0.7261904797383717,1.0,0.8787878805940802,1.0,1.0,1.0,1.0,0.5714285714285714,1.0,1.0,1.0,0.20833333333333334,1.0,1.0,1.0,1.0,1.0,1.0,
88145920.0,1.0,1.0,1.0,1.0,1.0,1.0,1.0,1.0,1.0,1.0,1.0,0.9523809530905315,1.0,0.8636363636363636,1.0,1.0,1.0,1.0,0.41666666865348817,1.0,1.0,1.0,0.6,1.0,1.0,1.0,1.0,1.0,1.0,
88473600.0,1.0,1.0,1.0,1.0,1.0,1.0,1.0,0.9743589758872986,1.0,1.0,1.0,0.9583333333333334,1.0,0.8333333333333334,1.0,1.0,1.0,1.0,0.3484848520972512,1.0,1.0,1.0,0.40000000298023225,1.0,1.0,1.0,1.0,1.0,1.0,
88801280.0,1.0,1.0,1.0,1.0,1.0,1.0,1.0,0.9615384615384616,1.0,1.0,1.0,0.5694444452722868,1.0,0.8846153846153846,1.0,1.0,1.0,1.0,0.37820512973345244,1.0,1.0,1.0,0.6,1.0,1.0,1.0,1.0,1.0,1.0,
89128960.0,1.0,1.0,1.0,1.0,1.0,1.0,1.0,1.0,1.0,1.0,1.0,0.762820514348837,1.0,0.9615384615384616,1.0,1.0,1.0,1.0,0.2857142857142857,1.0,1.0,1.0,0.2,1.0,1.0,1.0,1.0,1.0,1.0,
89456640.0,1.0,1.0,1.0,1.0,1.0,1.0,1.0,1.0,1.0,1.0,1.0,0.9285714285714286,1.0,0.6969696987758983,1.0,1.0,1.0,1.0,0.21666666865348816,1.0,1.0,1.0,0.3437500037252903,1.0,1.0,1.0,1.0,1.0,1.0,
89784320.0,1.0,1.0,1.0,1.0,1.0,1.0,1.0,1.0,1.0,1.0,1.0,0.8181818181818182,1.0,0.8222222248713176,1.0,1.0,1.0,1.0,0.29545454545454547,1.0,1.0,1.0,0.5833333351395347,1.0,1.0,1.0,1.0,1.0,1.0,
90112000.0,1.0,1.0,1.0,1.0,1.0,1.0,1.0,1.0,1.0,1.0,1.0,0.7500000049670538,1.0,0.7833333356039864,1.0,1.0,1.0,1.0,0.2272727299820293,1.0,1.0,1.0,0.39393939484249463,1.0,1.0,1.0,1.0,1.0,1.0,
90439680.0,1.0,1.0,1.0,1.0,1.0,1.0,1.0,0.9400000015894572,1.0,1.0,1.0,0.7884615384615384,1.0,0.8076923076923077,1.0,1.0,1.0,1.0,0.5,1.0,1.0,1.0,0.5,1.0,1.0,1.0,1.0,1.0,1.0,
90767360.0,1.0,1.0,1.0,1.0,1.0,1.0,1.0,1.0,1.0,1.0,1.0,0.8636363636363636,1.0,0.975,1.0,1.0,1.0,1.0,0.31481481591860455,1.0,1.0,1.0,0.5555555555555556,1.0,1.0,1.0,1.0,1.0,1.0,
91095040.0,1.0,1.0,1.0,1.0,1.0,1.0,1.0,0.9921875,1.0,1.0,1.0,0.8541666666666666,1.0,0.6458333358168602,1.0,1.0,1.0,1.0,0.3988095245191029,1.0,1.0,1.0,0.3392857142857143,1.0,1.0,1.0,1.0,1.0,1.0,
91422720.0,1.0,1.0,1.0,1.0,1.0,1.0,1.0,0.9404761918953487,1.0,1.0,1.0,0.8333333333333334,1.0,0.7222222238779068,1.0,1.0,1.0,1.0,0.6428571428571429,1.0,1.0,1.0,0.47500000298023226,1.0,1.0,1.0,1.0,1.0,1.0,
91750400.0,1.0,1.0,1.0,1.0,1.0,1.0,1.0,0.9642857142857143,1.0,1.0,1.0,0.7833333343267441,1.0,0.9351851873927646,1.0,1.0,1.0,1.0,0.6060606078668074,1.0,1.0,1.0,0.3958333333333333,1.0,1.0,1.0,1.0,1.0,1.0,
92078080.0,1.0,1.0,1.0,1.0,1.0,1.0,1.0,1.0,1.0,1.0,1.0,0.8055555562178294,1.0,0.725,1.0,1.0,1.0,1.0,0.5,1.0,1.0,1.0,0.5,1.0,1.0,1.0,1.0,1.0,1.0,
92405760.0,1.0,1.0,1.0,1.0,1.0,1.0,1.0,1.0,1.0,1.0,1.0,0.875,1.0,0.8472222238779068,1.0,1.0,1.0,1.0,0.2569444452722867,1.0,1.0,1.0,0.5555555572112402,1.0,1.0,1.0,1.0,1.0,1.0,
92733440.0,1.0,1.0,1.0,1.0,1.0,1.0,1.0,1.0,1.0,1.0,1.0,0.7916666666666666,1.0,0.8518518540594313,1.0,1.0,1.0,1.0,0.21153846153846154,1.0,1.0,1.0,0.7222222222222222,1.0,1.0,1.0,1.0,1.0,1.0,
93061120.0,1.0,1.0,1.0,1.0,1.0,1.0,1.0,0.9545454545454546,1.0,1.0,1.0,0.8333333366447024,1.0,0.9545454545454546,1.0,1.0,1.0,1.0,0.529761906181063,1.0,1.0,1.0,0.6944444452722868,1.0,1.0,1.0,1.0,1.0,1.0,
93388800.0,1.0,1.0,1.0,1.0,1.0,1.0,1.0,1.0,1.0,1.0,1.0,0.8154761918953487,1.0,0.8583333368102709,1.0,1.0,1.0,1.0,0.2291666679084301,1.0,1.0,1.0,0.45000000298023224,1.0,1.0,1.0,1.0,1.0,1.0,
93716480.0,1.0,1.0,1.0,1.0,1.0,1.0,1.0,1.0,1.0,1.0,1.0,0.852564105620751,1.0,0.8194444452722868,1.0,1.0,1.0,1.0,0.5,1.0,1.0,1.0,0.4629629651705424,1.0,1.0,1.0,1.0,1.0,1.0,
94044160.0,1.0,1.0,1.0,1.0,1.0,1.0,1.0,1.0,1.0,1.0,1.0,0.8571428571428571,1.0,0.9821428571428571,1.0,1.0,1.0,1.0,0.14102564178980315,1.0,1.0,1.0,0.5166666686534882,1.0,1.0,1.0,1.0,1.0,1.0,
94371840.0,1.0,1.0,1.0,1.0,1.0,1.0,1.0,0.9743589758872986,1.0,1.0,1.0,0.8846153846153846,1.0,0.7407407429483202,1.0,1.0,1.0,1.0,0.30952381236212595,1.0,1.0,1.0,0.4444444452722867,1.0,1.0,1.0,1.0,1.0,1.0,
94699520.0,1.0,1.0,1.0,1.0,1.0,1.0,1.0,1.0,1.0,1.0,1.0,0.7750000009934107,1.0,0.6969697041945024,1.0,1.0,1.0,1.0,0.3333333333333333,1.0,1.0,1.0,0.45,1.0,1.0,1.0,1.0,1.0,1.0,
95027200.0,1.0,1.0,1.0,1.0,1.0,1.0,1.0,0.8974358989642217,1.0,1.0,1.0,0.7820512835796063,1.0,0.8666666686534882,1.0,1.0,1.0,1.0,0.38095238379069735,1.0,1.0,0.9807692307692307,0.5208333358168602,1.0,1.0,1.0,1.0,1.0,1.0,
95354880.0,1.0,1.0,1.0,1.0,1.0,1.0,1.0,0.9722222208976745,1.0,1.0,1.0,0.8666666686534882,1.0,0.9487179517745972,1.0,1.0,1.0,1.0,0.5740740762816535,1.0,1.0,1.0,0.3030303039334037,1.0,1.0,1.0,1.0,1.0,1.0,
95682560.0,1.0,1.0,1.0,1.0,1.0,1.0,1.0,0.9230769230769231,1.0,1.0,1.0,0.5888888895511627,1.0,1.0,1.0,1.0,1.0,1.0,0.55,1.0,1.0,1.0,0.25,1.0,1.0,1.0,1.0,1.0,1.0,
96010240.0,1.0,1.0,1.0,1.0,1.0,1.0,1.0,1.0,1.0,1.0,1.0,0.7430555572112402,1.0,0.8930555582046509,1.0,1.0,1.0,1.0,0.3333333333333333,1.0,1.0,1.0,0.3680555572112401,1.0,1.0,1.0,1.0,1.0,1.0,
96337920.0,1.0,1.0,1.0,1.0,1.0,1.0,1.0,0.9444444444444444,1.0,1.0,1.0,0.7976190490382058,1.0,0.9642857142857143,1.0,1.0,1.0,1.0,0.6428571428571429,1.0,1.0,1.0,0.5185185207260979,1.0,1.0,1.0,1.0,1.0,0.96875,
96665600.0,1.0,1.0,1.0,1.0,1.0,1.0,1.0,0.9444444452722868,1.0,1.0,1.0,0.7820512835796063,1.0,0.9791666679084301,1.0,1.0,1.0,1.0,0.2777777777777778,1.0,1.0,0.9761904776096344,0.2222222222222222,1.0,1.0,1.0,1.0,1.0,1.0,
96993280.0,1.0,1.0,1.0,1.0,1.0,1.0,1.0,0.975,1.0,1.0,1.0,0.8333333347524915,1.0,0.9230769230769231,1.0,1.0,1.0,1.0,0.5833333358168602,1.0,1.0,1.0,0.35,1.0,1.0,1.0,1.0,1.0,1.0,
97320960.0,1.0,1.0,1.0,1.0,1.0,1.0,1.0,0.9821428571428571,1.0,1.0,1.0,0.9107142899717603,1.0,0.8958333358168602,1.0,1.0,1.0,1.0,0.36904762046677725,1.0,1.0,1.0,0.6111111111111112,1.0,1.0,1.0,1.0,1.0,1.0,
97648640.0,1.0,1.0,1.0,1.0,1.0,1.0,1.0,0.9469696987758983,1.0,1.0,1.0,0.7878787896849893,1.0,0.9642857142857143,1.0,1.0,1.0,1.0,0.7857142857142857,1.0,1.0,1.0,0.31666666865348814,1.0,1.0,1.0,1.0,1.0,1.0,
97976320.0,1.0,1.0,1.0,1.0,1.0,1.0,1.0,0.9666666666666667,1.0,1.0,1.0,0.7500000029802323,1.0,1.0,1.0,1.0,1.0,1.0,0.5555555572112402,1.0,1.0,1.0,0.4,1.0,1.0,1.0,1.0,1.0,1.0,
98304000.0,1.0,1.0,1.0,1.0,1.0,1.0,1.0,1.0,1.0,1.0,1.0,0.7192307733572446,1.0,0.9444444444444444,1.0,1.0,1.0,1.0,0.75,1.0,1.0,0.9375,0.4444444444444444,1.0,1.0,1.0,1.0,1.0,1.0,
98631680.0,1.0,1.0,1.0,1.0,1.0,1.0,1.0,0.9375,0.9833333333333333,1.0,1.0,0.6666666673762458,1.0,0.9615384615384616,1.0,1.0,1.0,1.0,0.7619047633239201,1.0,1.0,1.0,0.4629629651705424,1.0,1.0,1.0,1.0,1.0,1.0,
98959360.0,1.0,1.0,1.0,1.0,1.0,1.0,1.0,0.8690476204667773,1.0,1.0,1.0,0.838461541212522,0.9791666679084301,0.9090909090909091,1.0,1.0,1.0,1.0,0.5555555555555556,1.0,1.0,1.0,0.6000000029802323,1.0,1.0,1.0,1.0,1.0,1.0,
99287040.0,1.0,1.0,1.0,1.0,1.0,1.0,1.0,0.9358974374257601,1.0,1.0,1.0,0.7833333353201548,1.0,0.8333333333333334,1.0,1.0,1.0,1.0,0.5151515169577165,1.0,1.0,1.0,0.3333333358168602,1.0,1.0,1.0,1.0,1.0,1.0,
99614720.0,1.0,1.0,1.0,1.0,1.0,1.0,1.0,0.8690476204667773,1.0,1.0,1.0,0.6897435921889085,0.9904761910438538,0.9305555572112402,1.0,1.0,1.0,1.0,0.5714285714285714,1.0,1.0,1.0,0.5666666686534881,0.9791666679084301,0.9875000007450581,1.0,1.0,1.0,1.0,
99942400.0,1.0,1.0,1.0,1.0,1.0,1.0,1.0,1.0,1.0,1.0,1.0,0.7435897451180679,1.0,0.8194444502393404,1.0,1.0,1.0,1.0,0.2,1.0,1.0,0.9833333333333333,0.7666666686534882,1.0,1.0,1.0,1.0,1.0,1.0,
100270080.0,1.0,1.0,1.0,1.0,1.0,1.0,1.0,1.0,1.0,1.0,1.0,0.7424242442304437,1.0,0.9523809530905315,1.0,1.0,1.0,1.0,0.5416666666666666,1.0,1.0,1.0,0.5,1.0,1.0,1.0,1.0,1.0,1.0,
100597760.0,1.0,1.0,1.0,1.0,1.0,1.0,1.0,0.9375,1.0,1.0,1.0,0.7564102571744186,1.0,0.8846153846153846,1.0,1.0,1.0,1.0,0.4375,1.0,1.0,1.0,0.5555555572112402,1.0,1.0,1.0,1.0,1.0,1.0,
100925440.0,1.0,1.0,1.0,1.0,1.0,1.0,1.0,1.0,1.0,1.0,1.0,0.6785714307001659,1.0,0.7820512835796063,1.0,1.0,1.0,1.0,0.3541666679084301,1.0,1.0,1.0,0.25,1.0,1.0,1.0,1.0,1.0,1.0,
101253120.0,1.0,1.0,1.0,1.0,1.0,1.0,1.0,1.0,1.0,1.0,1.0,0.6538461538461539,1.0,1.0,1.0,1.0,1.0,1.0,0.55,1.0,1.0,1.0,0.3333333333333333,1.0,1.0,1.0,1.0,1.0,1.0,
101580800.0,1.0,1.0,1.0,1.0,1.0,1.0,1.0,1.0,1.0,1.0,1.0,0.6818181818181818,1.0,0.9722222222222222,1.0,1.0,1.0,1.0,0.7037037048074934,1.0,1.0,1.0,0.4833333343267441,1.0,1.0,1.0,1.0,1.0,1.0,
101908480.0,1.0,1.0,0.9666666666666667,1.0,1.0,1.0,1.0,0.9722222238779068,1.0,1.0,1.0,0.7435897451180679,1.0,0.9807692307692307,1.0,1.0,1.0,1.0,0.0,1.0,1.0,0.9880952366760799,0.4722222222222222,1.0,1.0,1.0,1.0,1.0,1.0,
102236160.0,1.0,1.0,1.0,1.0,1.0,1.0,1.0,1.0,1.0,1.0,1.0,0.8571428571428571,1.0,0.9615384615384616,1.0,1.0,1.0,1.0,0.6666666686534881,1.0,1.0,1.0,0.3181818181818182,1.0,1.0,1.0,1.0,1.0,1.0,
102563840.0,1.0,1.0,1.0,1.0,1.0,1.0,1.0,0.9733333349227905,1.0,1.0,1.0,0.8571428571428571,1.0,0.8472222238779068,1.0,1.0,1.0,1.0,0.3611111111111111,1.0,1.0,0.9866666674613953,0.21428571428571427,1.0,1.0,1.0,1.0,1.0,1.0,
102891520.0,1.0,1.0,1.0,1.0,1.0,1.0,1.0,1.0,1.0,1.0,1.0,0.8944444457689921,1.0,0.85,1.0,1.0,1.0,1.0,0.3076923076923077,1.0,1.0,1.0,0.25,1.0,1.0,1.0,1.0,1.0,1.0,
103219200.0,1.0,1.0,0.9713541679084301,1.0,1.0,1.0,1.0,1.0,1.0,1.0,1.0,0.929166667163372,1.0,0.8461538461538461,1.0,1.0,1.0,1.0,0.4444444444444444,1.0,1.0,1.0,0.14102564178980315,1.0,1.0,1.0,1.0,1.0,1.0,
103546880.0,1.0,1.0,1.0,1.0,1.0,1.0,1.0,1.0,1.0,1.0,1.0,0.6454545503312891,1.0,0.8518518540594313,1.0,1.0,1.0,1.0,0.6666666716337204,1.0,1.0,1.0,0.375,1.0,1.0,1.0,1.0,1.0,0.9895833320915699,
103874560.0,1.0,1.0,1.0,1.0,1.0,1.0,1.0,1.0,1.0,1.0,1.0,0.7692307692307693,1.0,1.0,1.0,1.0,1.0,1.0,0.6296296318372091,1.0,1.0,1.0,0.6212121221152219,1.0,1.0,1.0,1.0,1.0,1.0,
104202240.0,1.0,1.0,1.0,1.0,1.0,1.0,1.0,0.9230769230769231,1.0,1.0,1.0,0.8484848520972512,1.0,0.95,1.0,1.0,1.0,1.0,0.55,1.0,1.0,1.0,0.4375,1.0,0.9937499985098839,1.0,1.0,1.0,1.0,
104529920.0,1.0,1.0,1.0,1.0,1.0,1.0,1.0,1.0,1.0,1.0,1.0,0.5625,1.0,0.8333333333333334,1.0,1.0,1.0,1.0,0.6666666686534881,1.0,1.0,1.0,0.3666666686534882,1.0,0.96875,1.0,1.0,1.0,1.0,
104857600.0,1.0,1.0,1.0,1.0,1.0,1.0,1.0,0.9090909090909091,1.0,1.0,1.0,0.9166666686534881,1.0,0.8181818181818182,1.0,1.0,1.0,1.0,0.75,1.0,1.0,1.0,0.25,1.0,1.0,1.0,1.0,1.0,1.0,
105185280.0,1.0,1.0,1.0,1.0,1.0,1.0,1.0,1.0,1.0,1.0,1.0,0.6363636363636364,1.0,0.96875,1.0,1.0,1.0,1.0,0.7222222238779068,1.0,1.0,1.0,0.3148148192299737,1.0,1.0,1.0,1.0,1.0,1.0,
105512960.0,1.0,1.0,0.9791666679084301,1.0,1.0,1.0,1.0,1.0,1.0,1.0,1.0,0.9083333356039864,1.0,0.8181818181818182,1.0,1.0,1.0,1.0,0.55,1.0,1.0,0.9642857142857143,0.5333333343267441,1.0,1.0,1.0,1.0,1.0,1.0,
105840640.0,1.0,1.0,1.0,1.0,1.0,1.0,1.0,1.0,1.0,1.0,1.0,0.8571428571428571,1.0,1.0,1.0,1.0,1.0,1.0,0.55,1.0,1.0,1.0,0.41666666865348817,1.0,1.0,1.0,1.0,1.0,1.0,
106168320.0,1.0,1.0,1.0,1.0,1.0,1.0,1.0,0.9666666666666667,1.0,1.0,1.0,0.904761906181063,1.0,0.875,1.0,1.0,1.0,1.0,0.4583333358168602,1.0,1.0,0.9642857142857143,0.4761904776096344,1.0,0.9875000007450581,1.0,1.0,1.0,1.0,
106496000.0,1.0,1.0,1.0,1.0,1.0,1.0,1.0,0.9772727272727273,1.0,1.0,1.0,1.0,1.0,0.9285714285714286,1.0,1.0,1.0,1.0,0.3125,1.0,1.0,1.0,0.15384615384615385,1.0,1.0,1.0,1.0,1.0,1.0,
106823680.0,1.0,1.0,0.9777777791023254,1.0,1.0,1.0,1.0,1.0,1.0,1.0,1.0,0.8863636363636364,1.0,0.875,1.0,1.0,1.0,1.0,0.3333333333333333,1.0,1.0,1.0,0.35714285714285715,1.0,1.0,1.0,1.0,1.0,1.0,
107151360.0,1.0,1.0,1.0,1.0,1.0,1.0,1.0,0.9285714285714286,1.0,1.0,1.0,0.7730769239939176,1.0,0.9666666686534882,1.0,1.0,1.0,1.0,0.35714285714285715,1.0,1.0,1.0,0.16666666666666666,1.0,1.0,1.0,1.0,1.0,1.0,
107479040.0,1.0,1.0,1.0,1.0,1.0,1.0,1.0,0.9666666666666667,1.0,1.0,1.0,0.904761906181063,1.0,0.8190476213182721,1.0,1.0,1.0,1.0,0.42857142857142855,1.0,1.0,1.0,0.33333333432674406,1.0,1.0,1.0,0.9761904776096344,1.0,1.0,
107806720.0,1.0,1.0,1.0,1.0,1.0,1.0,1.0,0.9285714285714286,1.0,1.0,1.0,0.9166666666666666,1.0,1.0,1.0,1.0,1.0,1.0,0.625,1.0,1.0,1.0,0.3333333333333333,1.0,1.0,1.0,1.0,1.0,1.0,
108134400.0,1.0,1.0,0.9479166679084301,1.0,1.0,1.0,1.0,1.0,1.0,1.0,1.0,1.0,1.0,0.8076923076923077,1.0,1.0,1.0,1.0,0.4833333343267441,1.0,1.0,1.0,0.3518518540594313,1.0,1.0,1.0,1.0,1.0,1.0,
108462080.0,1.0,1.0,1.0,1.0,1.0,1.0,1.0,1.0,1.0,1.0,1.0,0.9285714285714286,1.0,0.95,1.0,1.0,1.0,1.0,0.6363636363636364,1.0,1.0,0.9821428571428571,0.2500000024835269,1.0,1.0,1.0,1.0,1.0,0.9230769230769231,
108789760.0,1.0,1.0,0.9791666679084301,1.0,1.0,1.0,1.0,1.0,1.0,1.0,1.0,0.7916666695049831,1.0,0.9722222238779068,1.0,1.0,1.0,1.0,0.34615384615384615,1.0,1.0,0.9635416679084301,0.36363636363636365,1.0,0.9875000007450581,1.0,1.0,1.0,1.0,
109117440.0,1.0,1.0,1.0,1.0,1.0,1.0,1.0,0.9821428571428571,1.0,1.0,1.0,0.9090909090909091,1.0,0.9583333333333334,1.0,1.0,1.0,1.0,0.5681818181818182,1.0,1.0,1.0,0.33333333432674406,1.0,1.0,1.0,1.0,1.0,1.0,
109445120.0,1.0,1.0,1.0,1.0,1.0,1.0,1.0,0.9777777791023254,1.0,1.0,1.0,0.8785714294229235,1.0,0.8555555582046509,1.0,1.0,1.0,1.0,0.4444444444444444,1.0,1.0,1.0,0.0,1.0,1.0,1.0,1.0,1.0,1.0,
109772800.0,1.0,1.0,1.0,1.0,1.0,1.0,1.0,0.9833333343267441,1.0,1.0,1.0,1.0,1.0,0.925,1.0,1.0,1.0,1.0,0.39393939484249463,1.0,1.0,1.0,0.2222222222222222,1.0,1.0,1.0,1.0,1.0,1.0,
110100480.0,1.0,1.0,1.0,1.0,1.0,1.0,1.0,1.0,1.0,1.0,1.0,0.9090909090909091,1.0,0.8636363636363636,1.0,1.0,1.0,1.0,0.39814815256330705,1.0,1.0,1.0,0.4333333343267441,1.0,1.0,1.0,1.0,1.0,1.0,
110428160.0,1.0,1.0,1.0,1.0,1.0,1.0,1.0,1.0,1.0,1.0,1.0,0.8782051297334524,1.0,1.0,1.0,1.0,1.0,1.0,0.5909090909090909,1.0,1.0,1.0,0.4,1.0,1.0,1.0,1.0,1.0,1.0,
110755840.0,1.0,1.0,0.9895833320915699,1.0,1.0,1.0,1.0,0.9777777791023254,1.0,1.0,1.0,0.8333333351395347,1.0,1.0,1.0,1.0,1.0,1.0,0.15,1.0,1.0,1.0,0.3333333333333333,1.0,1.0,1.0,1.0,1.0,1.0,
111083520.0,1.0,1.0,1.0,1.0,1.0,1.0,1.0,0.96875,1.0,1.0,1.0,0.8181818208911202,1.0,0.9800000011920929,1.0,1.0,1.0,1.0,0.4242424260486256,1.0,1.0,1.0,0.2222222238779068,1.0,1.0,1.0,1.0,1.0,1.0,
111411200.0,1.0,1.0,1.0,1.0,1.0,1.0,1.0,0.9333333333333333,1.0,1.0,1.0,0.7407407429483202,1.0,0.8690476204667773,1.0,1.0,1.0,1.0,0.4871794879436493,1.0,1.0,0.96875,0.33333333432674406,1.0,1.0,1.0,1.0,1.0,1.0,
111738880.0,1.0,1.0,1.0,1.0,1.0,1.0,1.0,0.9666666666666667,1.0,1.0,1.0,0.8166666686534881,1.0,1.0,1.0,1.0,1.0,1.0,0.29629629850387573,1.0,1.0,1.0,0.2604166679084301,1.0,0.9866666674613953,1.0,1.0,1.0,1.0,
112066560.0,1.0,1.0,0.9916666666666667,1.0,1.0,1.0,1.0,1.0,1.0,1.0,1.0,0.9074074096149869,1.0,0.75,1.0,1.0,1.0,1.0,0.38636363636363635,1.0,1.0,1.0,0.4250000029802322,1.0,1.0,1.0,1.0,1.0,1.0,
112394240.0,1.0,1.0,0.9875000007450581,1.0,1.0,1.0,1.0,1.0,1.0,1.0,1.0,0.9,1.0,0.9500000008514949,1.0,1.0,1.0,1.0,0.65,1.0,1.0,1.0,0.25,1.0,0.9791666679084301,1.0,1.0,1.0,1.0,
112721920.0,1.0,1.0,0.9718750007450581,1.0,1.0,1.0,1.0,1.0,1.0,1.0,1.0,0.7777777777777778,1.0,0.839743591271914,1.0,1.0,1.0,1.0,0.3393939435482025,1.0,1.0,1.0,0.28333333432674407,1.0,1.0,1.0,1.0,1.0,1.0,
113049600.0,1.0,1.0,1.0,1.0,1.0,1.0,1.0,1.0,1.0,1.0,1.0,0.8333333351395347,1.0,0.8333333347524915,1.0,1.0,1.0,1.0,0.6060606105761095,1.0,1.0,1.0,0.33333333730697634,1.0,1.0,1.0,1.0,1.0,1.0,
113377280.0,1.0,1.0,1.0,1.0,1.0,1.0,1.0,1.0,1.0,1.0,1.0,0.8636363636363636,1.0,0.8333333333333334,1.0,1.0,1.0,1.0,0.530303033915433,1.0,1.0,1.0,0.17948718254382795,1.0,1.0,1.0,1.0,1.0,1.0,
113704960.0,1.0,1.0,1.0,1.0,1.0,1.0,1.0,1.0,1.0,1.0,1.0,0.9642857142857143,1.0,0.9615384615384616,1.0,1.0,1.0,1.0,0.3125,1.0,1.0,1.0,0.3611111119389534,1.0,1.0,1.0,0.9833333333333333,1.0,1.0,
114032640.0,1.0,1.0,1.0,1.0,1.0,1.0,1.0,1.0,1.0,1.0,1.0,0.9305555572112402,1.0,0.8472222238779068,1.0,1.0,1.0,1.0,0.4166666699780358,1.0,1.0,1.0,0.08974359127191398,1.0,1.0,1.0,1.0,1.0,1.0,
114360320.0,1.0,1.0,1.0,1.0,1.0,1.0,1.0,1.0,1.0,1.0,1.0,0.7916666666666666,1.0,0.9583333358168602,1.0,1.0,1.0,1.0,0.37037037478552925,1.0,1.0,1.0,0.14814814925193787,1.0,1.0,1.0,1.0,1.0,1.0,
114688000.0,1.0,1.0,0.9777777791023254,1.0,1.0,1.0,1.0,0.96875,1.0,1.0,1.0,0.625,1.0,0.7884615407540247,1.0,1.0,1.0,1.0,0.3833333343267441,1.0,1.0,1.0,0.25,1.0,1.0,1.0,1.0,1.0,1.0,
115015680.0,1.0,1.0,1.0,1.0,1.0,1.0,1.0,1.0,1.0,1.0,1.0,0.7777777777777778,1.0,0.8589743605026832,1.0,1.0,1.0,1.0,0.39166666865348815,1.0,1.0,1.0,0.18518518739276463,1.0,1.0,1.0,1.0,1.0,1.0,
115343360.0,1.0,1.0,0.9904761910438538,1.0,1.0,1.0,1.0,1.0,1.0,1.0,1.0,0.7954545454545454,1.0,0.9375,1.0,1.0,1.0,1.0,0.46666666865348816,1.0,1.0,1.0,0.5625,1.0,1.0,1.0,1.0,1.0,1.0,
115671040.0,1.0,1.0,1.0,1.0,1.0,1.0,1.0,1.0,1.0,1.0,1.0,0.8141025648667262,1.0,0.8466666668653489,1.0,1.0,1.0,1.0,0.3888888888888889,1.0,1.0,0.9866666674613953,0.2777777777777778,1.0,1.0,1.0,1.0,1.0,1.0,
115998720.0,1.0,1.0,1.0,1.0,1.0,1.0,1.0,0.9833333333333333,1.0,1.0,1.0,0.8055555572112402,1.0,0.8030303039334037,1.0,1.0,1.0,1.0,0.625,1.0,1.0,1.0,0.3333333333333333,1.0,1.0,1.0,1.0,1.0,1.0,
116326400.0,1.0,1.0,0.9791666679084301,1.0,1.0,1.0,1.0,0.96875,1.0,1.0,1.0,0.762820514348837,1.0,0.9297619078840528,1.0,1.0,1.0,1.0,0.3472222238779068,1.0,1.0,1.0,0.2575757584788583,1.0,1.0,1.0,1.0,1.0,1.0,
116654080.0,1.0,1.0,1.0,1.0,1.0,1.0,1.0,1.0,1.0,1.0,1.0,0.8666666686534882,1.0,0.9818181829019026,1.0,1.0,1.0,1.0,0.40476190618106295,1.0,1.0,1.0,0.2727272727272727,1.0,1.0,1.0,0.9791666679084301,1.0,1.0,
116981760.0,1.0,1.0,0.9791666679084301,1.0,1.0,1.0,1.0,1.0,1.0,1.0,1.0,0.9090909090909091,1.0,0.9090909118002112,1.0,1.0,1.0,1.0,0.4629629651705424,1.0,1.0,1.0,0.10416666666666667,1.0,1.0,1.0,1.0,1.0,1.0,
117309440.0,1.0,1.0,1.0,1.0,1.0,1.0,1.0,1.0,1.0,1.0,1.0,0.7361111119389534,1.0,0.8181818181818182,1.0,1.0,1.0,1.0,0.3611111144224803,1.0,1.0,1.0,0.0416666679084301,1.0,1.0,1.0,1.0,1.0,1.0,
117637120.0,1.0,1.0,1.0,1.0,1.0,1.0,1.0,1.0,1.0,1.0,1.0,0.7,1.0,0.9090909090909091,1.0,1.0,1.0,1.0,0.33333333513953467,1.0,1.0,1.0,0.16666666666666666,1.0,1.0,1.0,1.0,1.0,1.0,
117964800.0,1.0,1.0,1.0,1.0,1.0,1.0,1.0,1.0,1.0,1.0,1.0,0.7045454545454546,1.0,0.9615384615384616,1.0,1.0,1.0,1.0,0.25,1.0,1.0,1.0,0.125,1.0,1.0,1.0,1.0,1.0,1.0,
118292480.0,1.0,1.0,1.0,1.0,1.0,1.0,1.0,1.0,1.0,1.0,1.0,0.75,1.0,0.9285714307001659,1.0,1.0,1.0,1.0,0.5,1.0,1.0,1.0,0.21428571428571427,1.0,1.0,1.0,1.0,1.0,1.0,
118620160.0,1.0,1.0,0.9875000007450581,1.0,1.0,1.0,1.0,1.0,1.0,1.0,1.0,0.8636363636363636,1.0,0.8690476204667773,1.0,1.0,1.0,1.0,0.05,1.0,1.0,0.9833333333333333,0.5083333343267441,1.0,1.0,1.0,1.0,1.0,1.0,
118947840.0,1.0,1.0,0.9200000007947285,1.0,1.0,1.0,1.0,1.0,1.0,1.0,1.0,0.8703703714741601,1.0,0.8611111144224802,1.0,1.0,1.0,1.0,0.2222222222222222,1.0,1.0,1.0,0.16666666666666666,1.0,1.0,1.0,1.0,1.0,1.0,
119275520.0,1.0,1.0,1.0,1.0,1.0,1.0,1.0,1.0,1.0,1.0,1.0,0.7833333373069763,1.0,0.9583333333333334,1.0,1.0,1.0,1.0,0.4375,1.0,1.0,0.984375,0.20833333333333334,1.0,1.0,1.0,1.0,1.0,1.0,
119603200.0,1.0,1.0,1.0,1.0,1.0,1.0,1.0,1.0,1.0,1.0,1.0,0.9318181818181818,1.0,0.9230769230769231,1.0,1.0,1.0,1.0,0.5,1.0,1.0,1.0,0.22916666915019354,1.0,1.0,1.0,1.0,1.0,1.0,
119930880.0,1.0,1.0,1.0,1.0,1.0,1.0,1.0,1.0,1.0,1.0,1.0,0.75,1.0,0.875,1.0,1.0,1.0,1.0,0.4027777810891469,1.0,1.0,0.9791666679084301,0.1111111111111111,1.0,1.0,1.0,1.0,1.0,1.0,
120258560.0,1.0,1.0,1.0,1.0,1.0,1.0,1.0,1.0,1.0,1.0,1.0,0.7435897451180679,1.0,0.8461538461538461,1.0,1.0,1.0,1.0,0.5833333358168602,1.0,1.0,1.0,0.09375,1.0,1.0,1.0,1.0,1.0,1.0,
120586240.0,1.0,1.0,1.0,1.0,1.0,1.0,1.0,1.0,1.0,1.0,1.0,0.5119047633239201,1.0,0.9285714328289032,1.0,1.0,1.0,1.0,0.5,1.0,1.0,1.0,0.4,1.0,0.984375,0.9791666679084301,0.984375,1.0,1.0,
120913920.0,1.0,1.0,1.0,1.0,1.0,1.0,1.0,1.0,1.0,1.0,1.0,0.8181818208911202,1.0,0.9404761918953487,1.0,1.0,1.0,1.0,0.4166666691501935,1.0,1.0,1.0,0.3181818181818182,1.0,1.0,1.0,1.0,1.0,1.0,
121241600.0,1.0,1.0,1.0,1.0,1.0,1.0,1.0,1.0,1.0,1.0,1.0,0.6346153846153846,1.0,1.0,1.0,1.0,1.0,1.0,0.5714285714285714,1.0,1.0,1.0,0.35714285714285715,1.0,1.0,1.0,1.0,1.0,1.0,
121569280.0,1.0,1.0,1.0,1.0,1.0,1.0,1.0,1.0,1.0,1.0,1.0,0.6923076923076923,1.0,0.8846153846153846,1.0,1.0,1.0,1.0,0.3125,1.0,1.0,1.0,0.20833333333333334,1.0,1.0,1.0,1.0,1.0,1.0,
121896960.0,1.0,1.0,0.96875,1.0,1.0,1.0,1.0,1.0,1.0,1.0,1.0,0.6969696987758983,1.0,0.9629629651705424,1.0,1.0,1.0,1.0,0.4285714328289032,1.0,1.0,1.0,0.3518518540594313,1.0,1.0,1.0,1.0,1.0,1.0,
122224640.0,1.0,1.0,1.0,1.0,1.0,1.0,1.0,1.0,1.0,1.0,1.0,0.45,1.0,0.9166666666666666,1.0,1.0,1.0,1.0,0.33333333475249155,1.0,1.0,1.0,0.16666666666666666,1.0,1.0,1.0,0.9791666679084301,1.0,1.0,
122552320.0,1.0,1.0,0.9833333333333333,1.0,1.0,1.0,1.0,1.0,1.0,1.0,1.0,0.7692307692307693,1.0,1.0,1.0,1.0,1.0,1.0,0.6666666666666666,1.0,1.0,1.0,0.26785714285714285,1.0,1.0,1.0,1.0,1.0,1.0,
122880000.0,1.0,1.0,1.0,1.0,1.0,1.0,1.0,0.9791666679084301,1.0,1.0,1.0,0.6111111111111112,1.0,1.0,1.0,1.0,1.0,1.0,0.7222222222222222,1.0,1.0,1.0,0.2857142857142857,1.0,1.0,1.0,0.9910714291036129,1.0,1.0,
123207680.0,1.0,1.0,1.0,1.0,1.0,1.0,1.0,1.0,1.0,1.0,1.0,0.6166666686534882,1.0,0.969696971503171,1.0,1.0,1.0,1.0,0.7666666686534882,1.0,1.0,1.0,0.33333333475249155,1.0,1.0,1.0,1.0,1.0,1.0,
123535360.0,1.0,1.0,1.0,1.0,1.0,1.0,1.0,1.0,1.0,1.0,1.0,0.7222222222222222,1.0,0.9333333373069763,1.0,1.0,1.0,1.0,0.4166666666666667,1.0,1.0,1.0,0.3181818181818182,1.0,1.0,1.0,1.0,1.0,1.0,
123863040.0,1.0,1.0,0.9875000007450581,1.0,1.0,1.0,1.0,1.0,1.0,1.0,1.0,0.6130952388048172,1.0,1.0,1.0,1.0,1.0,1.0,0.06666666865348816,1.0,1.0,1.0,0.3,1.0,1.0,1.0,1.0,1.0,1.0,
124190720.0,1.0,1.0,0.9875000007450581,1.0,1.0,1.0,1.0,1.0,1.0,1.0,1.0,0.6875,1.0,0.9743589758872986,1.0,1.0,1.0,1.0,0.55,1.0,1.0,1.0,0.26666666865348815,1.0,1.0,1.0,1.0,1.0,1.0,
124518400.0,1.0,1.0,0.96875,1.0,1.0,1.0,1.0,1.0,1.0,1.0,1.0,0.6972222253680229,1.0,1.0,1.0,1.0,1.0,1.0,0.22727272727272727,1.0,1.0,1.0,0.2371794879436493,1.0,1.0,1.0,1.0,1.0,1.0,
124846080.0,1.0,1.0,1.0,1.0,1.0,1.0,1.0,1.0,1.0,1.0,1.0,0.7708333333333334,1.0,1.0,1.0,1.0,1.0,1.0,0.4861111144224803,1.0,1.0,1.0,0.39393939484249463,1.0,1.0,1.0,1.0,1.0,1.0,
125173760.0,1.0,1.0,1.0,1.0,1.0,1.0,1.0,1.0,1.0,1.0,1.0,0.8012820551028619,1.0,0.8589743605026832,1.0,1.0,1.0,1.0,0.0,1.0,1.0,0.9910714291036129,0.4166666666666667,1.0,1.0,1.0,1.0,1.0,1.0,
125501440.0,1.0,1.0,1.0,1.0,1.0,1.0,1.0,1.0,1.0,1.0,1.0,0.7424242442304437,1.0,0.9791666666666666,1.0,1.0,1.0,1.0,0.5,1.0,1.0,1.0,0.3333333333333333,1.0,1.0,1.0,1.0,1.0,1.0,
125829120.0,1.0,1.0,1.0,1.0,1.0,1.0,1.0,1.0,1.0,1.0,1.0,0.7,1.0,0.9642857142857143,1.0,1.0,1.0,1.0,0.5238095266478402,1.0,1.0,1.0,0.21428571428571427,1.0,1.0,1.0,1.0,1.0,1.0,
126156800.0,1.0,1.0,1.0,1.0,1.0,1.0,1.0,1.0,1.0,1.0,1.0,0.512820514348837,1.0,0.9583333333333334,1.0,1.0,1.0,1.0,0.4621212130243128,1.0,1.0,1.0,0.4444444444444444,1.0,1.0,1.0,1.0,1.0,1.0,
126484480.0,1.0,1.0,1.0,1.0,1.0,1.0,1.0,1.0,1.0,1.0,1.0,0.7,1.0,0.9285714285714286,1.0,1.0,1.0,1.0,0.5714285714285714,1.0,1.0,1.0,0.2,1.0,1.0,0.9791666679084301,0.9761904776096344,1.0,1.0,
126812160.0,1.0,1.0,1.0,1.0,1.0,1.0,1.0,1.0,1.0,1.0,1.0,0.6136363663456657,1.0,0.9487179494821109,1.0,1.0,1.0,1.0,0.5555555555555556,1.0,1.0,1.0,0.23076923076923078,1.0,1.0,1.0,1.0,1.0,1.0,
127139840.0,1.0,1.0,0.9777777791023254,1.0,1.0,1.0,1.0,1.0,1.0,1.0,1.0,0.7500000033113692,1.0,0.9285714285714286,1.0,1.0,1.0,1.0,0.16666666666666666,1.0,1.0,1.0,0.4375,1.0,1.0,1.0,1.0,1.0,1.0,
127467520.0,1.0,1.0,1.0,1.0,1.0,1.0,1.0,1.0,1.0,1.0,1.0,0.4205128229581393,1.0,1.0,1.0,1.0,1.0,1.0,0.2083333358168602,1.0,1.0,1.0,0.21428571428571427,1.0,1.0,1.0,1.0,1.0,0.9333333333333333,
127795200.0,1.0,1.0,1.0,1.0,1.0,1.0,1.0,1.0,1.0,1.0,1.0,0.4848484911701896,1.0,0.8636363636363636,1.0,1.0,1.0,1.0,0.5238095266478402,1.0,1.0,1.0,0.15384615384615385,1.0,1.0,1.0,1.0,1.0,1.0,
128122880.0,1.0,1.0,1.0,1.0,1.0,1.0,1.0,1.0,1.0,1.0,1.0,0.4166666679084301,1.0,0.9791666666666666,1.0,1.0,1.0,1.0,0.4583333358168602,1.0,1.0,0.9910714291036129,0.3,1.0,1.0,1.0,1.0,1.0,1.0,
128450560.0,1.0,1.0,0.9761904776096344,1.0,1.0,1.0,1.0,1.0,1.0,1.0,1.0,0.6750000029802322,1.0,0.9807692307692307,1.0,1.0,1.0,1.0,0.3833333343267441,1.0,1.0,1.0,0.4743589758872986,1.0,1.0,1.0,1.0,1.0,0.9615384615384616,
128778240.0,1.0,1.0,1.0,1.0,1.0,1.0,1.0,1.0,1.0,1.0,1.0,0.6923076923076923,1.0,0.9743589758872986,1.0,1.0,1.0,1.0,0.4583333333333333,1.0,1.0,1.0,0.16666666756976733,1.0,1.0,1.0,1.0,1.0,1.0,
129105920.0,1.0,1.0,1.0,1.0,1.0,1.0,1.0,1.0,1.0,1.0,1.0,0.696296301152971,1.0,0.9583333333333334,1.0,1.0,1.0,1.0,0.25,1.0,1.0,1.0,0.34848484938794916,1.0,1.0,0.9777777791023254,1.0,1.0,1.0,
129433600.0,1.0,1.0,1.0,1.0,1.0,1.0,1.0,1.0,1.0,1.0,1.0,0.6705128229581393,1.0,0.9166666666666666,1.0,1.0,1.0,1.0,0.6416666686534882,1.0,1.0,1.0,0.3541666679084301,1.0,1.0,1.0,1.0,1.0,1.0,
129761280.0,1.0,1.0,1.0,1.0,1.0,1.0,1.0,1.0,1.0,1.0,1.0,0.6282051297334524,1.0,0.9,1.0,1.0,1.0,1.0,0.6428571428571429,1.0,1.0,1.0,0.4375,1.0,1.0,1.0,1.0,1.0,1.0,
130088960.0,1.0,1.0,1.0,1.0,1.0,1.0,1.0,1.0,1.0,1.0,1.0,0.5555555572112402,1.0,0.9000000009934107,1.0,1.0,1.0,1.0,0.4444444444444444,1.0,1.0,1.0,0.29629629850387573,1.0,1.0,1.0,1.0,1.0,1.0,
130416640.0,1.0,1.0,1.0,1.0,1.0,1.0,1.0,1.0,1.0,1.0,1.0,0.6190476204667773,1.0,0.7916666666666666,1.0,1.0,1.0,1.0,0.475,1.0,1.0,1.0,0.2222222222222222,1.0,1.0,1.0,1.0,1.0,1.0,
130744320.0,1.0,1.0,1.0,1.0,1.0,1.0,1.0,1.0,1.0,1.0,1.0,0.4333333343267441,1.0,0.9615384615384616,1.0,1.0,1.0,1.0,0.65,1.0,1.0,1.0,0.5,1.0,1.0,1.0,1.0,1.0,1.0,
131072000.0,1.0,1.0,1.0,1.0,1.0,1.0,1.0,1.0,1.0,1.0,1.0,0.36538461538461536,1.0,0.7916666666666666,1.0,1.0,1.0,1.0,0.4444444444444444,1.0,1.0,1.0,0.13333333432674407,1.0,1.0,1.0,1.0,1.0,1.0,
131399680.0,1.0,1.0,1.0,1.0,1.0,1.0,1.0,1.0,1.0,1.0,1.0,0.3888888888888889,1.0,0.875,1.0,1.0,1.0,1.0,0.42592592702971566,1.0,1.0,1.0,0.31818182089112024,1.0,1.0,1.0,1.0,1.0,1.0,
131727360.0,1.0,1.0,1.0,1.0,1.0,1.0,1.0,1.0,1.0,1.0,1.0,0.5333333343267441,1.0,1.0,1.0,1.0,1.0,1.0,0.6666666666666666,1.0,1.0,1.0,0.17592592702971566,1.0,1.0,1.0,1.0,1.0,1.0,
132055040.0,1.0,1.0,1.0,1.0,1.0,1.0,1.0,1.0,1.0,1.0,1.0,0.5952380980764117,1.0,0.75,1.0,1.0,1.0,1.0,0.4469696987758983,1.0,1.0,0.9875000007450581,0.46875,1.0,1.0,1.0,1.0,1.0,1.0,
132382720.0,1.0,1.0,1.0,1.0,1.0,1.0,1.0,1.0,1.0,1.0,1.0,0.5208333333333334,1.0,1.0,1.0,1.0,1.0,1.0,0.3333333333333333,1.0,1.0,1.0,0.3125,1.0,1.0,1.0,1.0,1.0,1.0,
132710400.0,1.0,1.0,1.0,1.0,1.0,1.0,1.0,1.0,1.0,1.0,1.0,0.6458333358168602,1.0,0.9545454545454546,1.0,1.0,1.0,1.0,0.8666666686534882,1.0,1.0,1.0,0.22727272727272727,1.0,1.0,1.0,1.0,1.0,1.0,
133038080.0,1.0,1.0,0.9791666679084301,1.0,1.0,1.0,1.0,1.0,1.0,1.0,1.0,0.4333333343267441,1.0,0.6666666666666666,1.0,1.0,1.0,1.0,0.3181818181818182,1.0,1.0,1.0,0.08333333333333333,1.0,1.0,1.0,0.9888888875643412,1.0,1.0,
133365760.0,1.0,1.0,1.0,1.0,1.0,1.0,1.0,1.0,1.0,1.0,1.0,0.6089743605026832,1.0,0.8589743605026832,1.0,1.0,1.0,1.0,0.5166666686534882,1.0,1.0,1.0,0.4,1.0,1.0,1.0,1.0,1.0,1.0,
133693440.0,1.0,1.0,1.0,1.0,1.0,1.0,1.0,1.0,1.0,1.0,1.0,0.4861111119389534,1.0,0.9166666666666666,1.0,1.0,1.0,1.0,0.625,1.0,1.0,1.0,0.16666666756976733,1.0,1.0,1.0,1.0,1.0,1.0,
134021120.0,1.0,1.0,0.9866666674613953,1.0,1.0,1.0,1.0,1.0,1.0,1.0,1.0,0.6458333358168602,1.0,0.8333333347524915,1.0,1.0,1.0,1.0,0.3611111111111111,1.0,1.0,1.0,0.2,1.0,1.0,1.0,1.0,1.0,1.0,
134348800.0,1.0,1.0,1.0,1.0,1.0,1.0,1.0,1.0,1.0,1.0,1.0,0.5138888905445734,1.0,0.7111111124356587,1.0,1.0,1.0,1.0,0.5641025648667262,1.0,1.0,1.0,0.31666666865348814,1.0,1.0,1.0,1.0,1.0,1.0,
134676480.0,1.0,1.0,1.0,1.0,1.0,1.0,1.0,1.0,1.0,1.0,1.0,0.3541666666666667,1.0,0.6166666686534882,1.0,1.0,1.0,1.0,0.7833333373069763,1.0,1.0,1.0,0.25,1.0,1.0,1.0,1.0,1.0,1.0,
135004160.0,1.0,1.0,1.0,1.0,1.0,1.0,1.0,1.0,1.0,1.0,1.0,0.7333333333333333,1.0,0.9166666666666666,1.0,1.0,1.0,1.0,0.6666666702790693,1.0,1.0,1.0,0.35714286140033175,1.0,1.0,1.0,1.0,1.0,1.0,
135331840.0,1.0,0.9791666679084301,1.0,1.0,1.0,1.0,1.0,1.0,1.0,1.0,1.0,0.5833333351395347,1.0,0.9285714285714286,1.0,1.0,1.0,1.0,0.4333333373069763,1.0,1.0,0.9666666666666667,0.45,1.0,1.0,1.0,1.0,1.0,1.0,
135659520.0,1.0,1.0,1.0,1.0,1.0,1.0,1.0,1.0,1.0,1.0,1.0,0.5,1.0,0.9166666666666666,1.0,1.0,1.0,1.0,0.4000000059604645,1.0,1.0,1.0,0.2222222238779068,1.0,1.0,1.0,1.0,1.0,0.9888888875643412,
135987200.0,1.0,1.0,1.0,1.0,1.0,1.0,1.0,1.0,1.0,1.0,1.0,0.6,1.0,0.7976190490382058,1.0,1.0,1.0,1.0,0.7272727272727273,1.0,1.0,1.0,0.07575757666067644,1.0,1.0,1.0,1.0,1.0,1.0,
136314880.0,1.0,1.0,1.0,1.0,1.0,1.0,1.0,1.0,1.0,1.0,1.0,0.45454545454545453,1.0,0.95,1.0,1.0,1.0,1.0,0.4,1.0,1.0,0.9791666679084301,0.24074074294832018,1.0,1.0,1.0,1.0,1.0,1.0,
136642560.0,1.0,1.0,1.0,1.0,1.0,1.0,1.0,1.0,1.0,1.0,1.0,0.7222222238779068,1.0,0.9230769230769231,1.0,1.0,1.0,1.0,0.6190476247242519,1.0,1.0,1.0,0.375,1.0,1.0,1.0,1.0,1.0,0.9895833320915699,
136970240.0,1.0,1.0,1.0,1.0,1.0,1.0,1.0,1.0,1.0,1.0,1.0,0.7638888905445734,1.0,0.8461538461538461,1.0,1.0,1.0,1.0,0.6153846153846154,1.0,1.0,1.0,0.23333333432674408,1.0,1.0,1.0,1.0,1.0,1.0,
137297920.0,1.0,1.0,1.0,1.0,1.0,1.0,1.0,1.0,1.0,1.0,1.0,0.5694444452722868,1.0,0.9666666686534882,1.0,1.0,1.0,1.0,0.575,1.0,1.0,0.9857142865657806,0.3750000037252903,1.0,1.0,1.0,1.0,1.0,1.0,
137625600.0,1.0,1.0,1.0,1.0,1.0,1.0,1.0,1.0,1.0,1.0,1.0,0.4555555582046509,1.0,0.8095238123621259,1.0,1.0,1.0,1.0,0.4791666666666667,1.0,1.0,1.0,0.3333333333333333,1.0,1.0,1.0,1.0,1.0,1.0,
137953280.0,1.0,1.0,0.9375,1.0,1.0,1.0,1.0,1.0,1.0,1.0,1.0,0.6538461538461539,1.0,0.8333333351395347,1.0,1.0,1.0,1.0,0.4583333333333333,1.0,1.0,1.0,0.3000000029802322,1.0,1.0,1.0,1.0,1.0,1.0,
138280960.0,1.0,1.0,1.0,1.0,1.0,1.0,1.0,1.0,1.0,1.0,1.0,0.7083333333333334,1.0,0.9444444444444444,1.0,1.0,1.0,1.0,0.14285714285714285,1.0,1.0,1.0,0.19696969877589832,1.0,1.0,1.0,1.0,1.0,1.0,
138608640.0,1.0,1.0,1.0,1.0,1.0,1.0,1.0,1.0,1.0,1.0,1.0,0.6428571449858802,1.0,0.9629629651705424,1.0,1.0,1.0,1.0,0.52777777860562,1.0,1.0,0.984375,0.1111111111111111,1.0,1.0,1.0,1.0,1.0,1.0,
138936320.0,1.0,1.0,1.0,1.0,1.0,1.0,1.0,1.0,1.0,1.0,1.0,0.7962962985038757,1.0,0.9545454545454546,1.0,1.0,1.0,1.0,0.52777777860562,1.0,1.0,1.0,0.2083333358168602,1.0,1.0,1.0,1.0,1.0,1.0,
139264000.0,1.0,1.0,1.0,1.0,1.0,1.0,1.0,1.0,1.0,1.0,1.0,0.5,1.0,0.7121212130243127,1.0,1.0,1.0,1.0,0.5,1.0,1.0,1.0,0.12962963183720908,1.0,1.0,1.0,1.0,1.0,1.0,
139591680.0,1.0,1.0,1.0,1.0,1.0,1.0,1.0,1.0,1.0,1.0,1.0,0.5333333343267441,1.0,0.9444444457689921,1.0,1.0,1.0,1.0,0.625,1.0,1.0,1.0,0.4615384638309479,1.0,1.0,1.0,1.0,1.0,1.0,
139919360.0,1.0,1.0,1.0,1.0,1.0,1.0,1.0,1.0,1.0,1.0,1.0,0.5333333343267441,1.0,0.8269230769230769,1.0,1.0,1.0,1.0,0.4696969715031711,1.0,1.0,1.0,0.5,1.0,1.0,1.0,1.0,1.0,1.0,
140247040.0,1.0,1.0,1.0,1.0,1.0,1.0,1.0,1.0,1.0,1.0,1.0,0.46666666865348816,1.0,0.9743589758872986,1.0,1.0,1.0,1.0,0.40000000298023225,1.0,1.0,1.0,0.3333333333333333,1.0,1.0,1.0,1.0,1.0,1.0,
140574720.0,1.0,1.0,1.0,1.0,1.0,1.0,1.0,1.0,1.0,1.0,1.0,0.5666666686534881,1.0,0.872222222884496,1.0,1.0,1.0,1.0,0.8181818208911202,1.0,1.0,1.0,0.08333333333333333,1.0,1.0,1.0,1.0,1.0,1.0,
140902400.0,1.0,1.0,1.0,1.0,1.0,1.0,1.0,1.0,1.0,1.0,1.0,0.8750000024835268,1.0,0.7916666673762458,1.0,1.0,1.0,1.0,0.45,1.0,1.0,1.0,0.4375,1.0,1.0,1.0,1.0,1.0,1.0,
141230080.0,1.0,1.0,1.0,1.0,1.0,1.0,1.0,1.0,1.0,1.0,1.0,0.6818181845274839,1.0,0.7083333333333334,1.0,1.0,1.0,1.0,0.7,1.0,1.0,1.0,0.4583333358168602,1.0,1.0,1.0,1.0,1.0,1.0,
141557760.0,1.0,1.0,1.0,1.0,1.0,1.0,1.0,1.0,1.0,1.0,1.0,0.6666666686534881,1.0,0.8787878805940802,1.0,1.0,1.0,1.0,0.36363636363636365,1.0,1.0,1.0,0.52777777860562,1.0,1.0,1.0,1.0,1.0,1.0,
141885440.0,1.0,1.0,1.0,1.0,1.0,1.0,1.0,1.0,1.0,1.0,1.0,0.6590909118002112,1.0,0.85,1.0,1.0,1.0,1.0,0.4444444444444444,1.0,1.0,1.0,0.5769230769230769,1.0,1.0,1.0,1.0,1.0,1.0,
142213120.0,1.0,1.0,1.0,1.0,1.0,1.0,1.0,1.0,1.0,1.0,1.0,0.5454545454545454,1.0,0.794871795635957,1.0,1.0,1.0,1.0,0.5208333358168602,1.0,1.0,1.0,0.5238095266478402,1.0,1.0,1.0,1.0,1.0,0.9777777791023254,
142540800.0,1.0,1.0,1.0,1.0,1.0,1.0,1.0,1.0,1.0,1.0,1.0,0.6287878805940802,1.0,0.9230769230769231,1.0,1.0,1.0,1.0,0.6111111119389534,1.0,1.0,1.0,0.4230769230769231,1.0,1.0,1.0,1.0,1.0,1.0,
142868480.0,1.0,1.0,1.0,1.0,1.0,1.0,1.0,1.0,1.0,1.0,1.0,0.5370370414521959,1.0,0.7619047633239201,1.0,1.0,1.0,1.0,0.6875,1.0,1.0,0.9875000007450581,0.5,1.0,1.0,1.0,1.0,1.0,1.0,
143196160.0,1.0,1.0,1.0,1.0,1.0,1.0,1.0,1.0,1.0,1.0,1.0,0.6805555572112402,1.0,1.0,1.0,1.0,1.0,1.0,0.85,1.0,1.0,1.0,0.625,1.0,1.0,1.0,1.0,1.0,1.0,
143523840.0,1.0,1.0,1.0,1.0,1.0,1.0,1.0,1.0,1.0,1.0,1.0,0.5347222238779068,1.0,0.8305555582046509,1.0,1.0,1.0,1.0,0.530303033915433,1.0,1.0,1.0,0.29761905116694315,1.0,1.0,1.0,1.0,1.0,1.0,
143851520.0,1.0,1.0,1.0,1.0,1.0,1.0,1.0,1.0,1.0,1.0,1.0,0.609168811138614,1.0,0.8571428571428571,1.0,1.0,1.0,1.0,0.785714287843023,1.0,1.0,1.0,0.42592592702971566,1.0,1.0,1.0,1.0,1.0,1.0,
144179200.0,1.0,1.0,1.0,1.0,1.0,1.0,1.0,1.0,1.0,1.0,1.0,,1.0,0.8916666686534882,1.0,1.0,1.0,1.0,0.625,1.0,1.0,1.0,0.31666666865348814,1.0,1.0,1.0,1.0,1.0,1.0,
144506880.0,1.0,1.0,1.0,1.0,1.0,1.0,1.0,1.0,1.0,1.0,1.0,,1.0,0.7083333347524915,1.0,1.0,1.0,1.0,0.6,1.0,1.0,1.0,0.4444444444444444,1.0,1.0,1.0,1.0,1.0,1.0,
144834560.0,1.0,1.0,1.0,1.0,1.0,1.0,1.0,1.0,1.0,1.0,1.0,,1.0,0.8518518540594313,1.0,1.0,1.0,1.0,0.4583333333333333,1.0,1.0,0.9833333333333333,0.425,1.0,1.0,1.0,1.0,1.0,1.0,
145162240.0,1.0,1.0,1.0,1.0,1.0,1.0,1.0,1.0,1.0,1.0,1.0,,1.0,0.75,1.0,1.0,1.0,1.0,0.7142857142857143,1.0,1.0,1.0,0.43589743742576015,1.0,1.0,1.0,1.0,1.0,1.0,
145489920.0,1.0,1.0,0.9875000007450581,1.0,1.0,1.0,1.0,1.0,1.0,1.0,1.0,,1.0,0.8636363636363636,1.0,1.0,1.0,1.0,0.7023809552192688,1.0,1.0,1.0,0.3030303039334037,1.0,1.0,1.0,1.0,1.0,1.0,
145817600.0,1.0,1.0,1.0,1.0,1.0,1.0,1.0,1.0,1.0,1.0,1.0,,1.0,0.8055555572112402,1.0,1.0,1.0,1.0,0.6666666666666666,1.0,1.0,1.0,0.3,1.0,1.0,1.0,1.0,1.0,1.0,
146145280.0,1.0,1.0,1.0,1.0,1.0,1.0,1.0,1.0,1.0,1.0,1.0,,1.0,0.8416666686534882,1.0,1.0,1.0,1.0,0.6805555572112402,1.0,1.0,1.0,0.33333333513953467,1.0,1.0,1.0,1.0,1.0,1.0,
146472960.0,1.0,1.0,1.0,1.0,1.0,1.0,1.0,1.0,1.0,1.0,1.0,,1.0,0.8611111144224802,1.0,1.0,1.0,1.0,0.5833333358168602,1.0,1.0,1.0,0.5,1.0,1.0,1.0,1.0,1.0,1.0,
146800640.0,1.0,1.0,1.0,1.0,1.0,1.0,1.0,1.0,1.0,1.0,1.0,,1.0,0.6153846176771017,1.0,1.0,1.0,1.0,0.8333333333333334,1.0,1.0,0.9895833320915699,0.3333333333333333,1.0,1.0,1.0,1.0,1.0,1.0,
147128320.0,1.0,1.0,1.0,1.0,1.0,1.0,1.0,1.0,1.0,1.0,1.0,,1.0,0.8095238102333886,1.0,1.0,1.0,1.0,0.6363636363636364,1.0,1.0,1.0,0.19230769230769232,1.0,1.0,1.0,1.0,1.0,1.0,
147456000.0,1.0,1.0,1.0,1.0,1.0,1.0,1.0,1.0,1.0,1.0,1.0,,1.0,0.65277777860562,1.0,1.0,1.0,1.0,0.2857142857142857,1.0,1.0,1.0,0.4092092100564424,1.0,1.0,1.0,1.0,1.0,1.0,
147783680.0,1.0,1.0,1.0,1.0,1.0,1.0,1.0,1.0,1.0,1.0,1.0,,1.0,0.6388888905445734,1.0,1.0,1.0,1.0,0.6356902364327851,1.0,1.0,1.0,,1.0,1.0,1.0,1.0,1.0,1.0,
148111360.0,1.0,1.0,1.0,1.0,1.0,1.0,1.0,1.0,,1.0,1.0,,1.0,0.75,1.0,1.0,1.0,1.0,,1.0,1.0,1.0,,1.0,1.0,1.0,0.96875,1.0,1.0,
148439040.0,1.0,1.0,1.0,1.0,1.0,1.0,1.0,1.0,,1.0,1.0,,1.0,0.8333333333333334,1.0,1.0,1.0,1.0,,1.0,1.0,1.0,,1.0,1.0,1.0,1.0,1.0,1.0,
148766720.0,1.0,1.0,1.0,1.0,1.0,1.0,1.0,1.0,,1.0,1.0,,1.0,0.7083333358168602,1.0,1.0,1.0,1.0,,1.0,,0.984375,,1.0,1.0,1.0,1.0,1.0,1.0,
149094400.0,1.0,1.0,1.0,1.0,1.0,1.0,1.0,1.0,,1.0,1.0,,1.0,0.7575757611881603,1.0,1.0,1.0,1.0,,1.0,,1.0,,1.0,1.0,1.0,1.0,1.0,1.0,
149422080.0,1.0,1.0,,1.0,1.0,1.0,1.0,1.0,,1.0,1.0,,1.0,0.6916666686534881,1.0,1.0,0.9993502274591323,,,1.0,,1.0,,1.0,1.0,1.0,1.0,1.0,1.0,
149749760.0,1.0,1.0,,1.0,1.0,1.0,1.0,1.0,,1.0,1.0,,1.0,0.8666666686534882,1.0,1.0,,,,1.0,,1.0,,1.0,1.0,1.0,1.0,1.0,1.0,
150077440.0,1.0,1.0,,1.0,1.0,1.0,1.0,1.0,,1.0,1.0,,1.0,0.759259260363049,1.0,1.0,,,,,,1.0,,1.0,1.0,,1.0,1.0,1.0,
160890880.0,0.9985760518648092,1.0,,1.0,1.0,1.0,1.0,1.0,,1.0,1.0,,1.0,1.0,1.0,1.0,,,,,,1.0,,1.0,1.0,,0.9989459816175016,1.0,1.0,
